Fecha,Día,Modelo de entrada,Patrón de entrada,Hora apertura (NY),Hora cierre  (NY),Buy / Sell,Resultado,Beneficio (R),Trades tp,Trades sl,Fecha_dt,Beneficio_R,es_hedge,modelo_limpio,dia_norm,sesion,semana_iso
26/01/2026,lunes,MEC,Envolvente,08:02,09:00,Sell,Break Even,,,,2026-01-26,0.0,False,MEC,lunes,Pre-NY,2026-W5
26/01/2026,lunes,MER,Envolvente,20:05,20:11,Buy,Take Profit,1.0,1.0,,2026-01-26,1.0,False,MER,lunes,Asia,2026-W5
27/01/2026,martes,MEC,Envolvente,07:32,07:49,Buy,Break Even,,,,2026-01-27,0.0,False,MEC,martes,Pre-NY,2026-W5
27/01/2026,martes,MER,Envolvente,07:49,08:02,Sell,Stop Loss,-1.0,,1.0,2026-01-27,-1.0,False,MER,martes,Pre-NY,2026-W5
28/01/2026,miercoles,MEC,Envolvente,07:21,07:54,Buy,Take Profit,1.0,1.0,,2026-01-28,1.0,False,MEC,miercoles,Pre-NY,2026-W5
28/01/2026,miercoles,MEC,Envolvente,20:36,20:40,Buy,Take Profit,1.0,1.0,,2026-01-28,1.0,False,MEC,miercoles,Asia,2026-W5
29/01/2026,jueves,MER,Envolvente,07:37,08:11,Sell,Take Profit,1.0,1.0,,2026-01-29,1.0,False,MER,jueves,Pre-NY,2026-W5
02/02/2026,lunes,MER,Envolvente,08:00,08:03,Sell,Take Profit,1.0,1.0,,2026-02-02,1.0,False,MER,lunes,Pre-NY,2026-W6
02/02/2026,lunes,MEC,Envolvente,20:38,20:44,Sell,Stop Loss,-1.0,,1.0,2026-02-02,-1.0,False,MEC,lunes,Asia,2026-W6
03/02/2026,martes,MEC,Envolvente,08:25,08:46,Buy,Take Profit,1.0,1.0,,2026-02-03,1.0,False,MEC,martes,Pre-NY,2026-W6
04/02/2026,miercoles,MER,Envolvente,07:31,07:59,Buy,Stop Loss,-1.0,,1.0,2026-02-04,-1.0,False,MER,miercoles,Pre-NY,2026-W6
04/02/2026,miercoles,MEC,Envolvente,20:58,21:00,Sell,Take Profit,1.0,1.0,,2026-02-04,1.0,False,MEC,miercoles,Asia,2026-W6
09/02/2026,lunes,MEC,Star,08:29,09:00,Sell,Break Even,,,,2026-02-09,0.0,False,MEC,lunes,Pre-NY,2026-W7
10/02/2026,martes,MER,Envolvente,07:55,08:17,Buy,Take Profit,1.0,1.0,,2026-02-10,1.0,False,MER,martes,Pre-NY,2026-W7
11/02/2026,miercoles,MEC,Envolvente,07:09,07:20,Sell,Take Profit,1.0,1.0,,2026-02-11,1.0,False,MEC,miercoles,Pre-NY,2026-W7
11/02/2026,miercoles,MEC,Envolvente,21:42,21:49,Sell,Stop Loss,-1.0,,1.0,2026-02-11,-1.0,False,MEC,miercoles,Asia,2026-W7
12/02/2026,jueves,MER,Envolvente,20:01,20:06,Buy,Take Profit,1.0,1.0,,2026-02-12,1.0,False,MER,jueves,Asia,2026-W7
17/02/2026,martes,MEC,Envolvente,07:05,07:40,Buy,Break Even,,,,2026-02-17,0.0,False,MEC,martes,Pre-NY,2026-W8
17/02/2026,martes,MER,Envolvente,07:40,08:05,Sell,Take Profit,1.0,1.0,,2026-02-17,1.0,False,MER,martes,Pre-NY,2026-W8
18/02/2026,miercoles,MER,Envolvente,07:00,07:10,Buy,Take Profit,1.0,1.0,,2026-02-18,1.0,False,MER,miercoles,Pre-NY,2026-W8
19/02/2026,jueves,MER,Envolvente,20:23,20:25,Sell,Take Profit,1.0,1.0,,2026-02-19,1.0,False,MER,jueves,Asia,2026-W8
23/02/2026,lunes,MEC,Envolvente,08:08,08:26,Sell,Take Profit,1.0,1.0,,2026-02-23,1.0,False,MEC,lunes,Pre-NY,2026-W9
23/02/2026,lunes,MER,Envolvente,20:05,20:06,Sell,Take Profit,1.0,1.0,,2026-02-23,1.0,False,MER,lunes,Asia,2026-W9
24/02/2026,martes,MER,Envolvente,07:00,07:13,Sell,Take Profit,1.0,1.0,,2026-02-24,1.0,False,MER,martes,Pre-NY,2026-W9
02/03/2026,lunes,MER,Envolvente,07:55,08:03,Sell,Stop Loss,-1.0,,1.0,2026-03-02,-1.0,False,MER,lunes,Pre-NY,2026-W10
02/03/2026,lunes,MER,Envolvente,08:03,08:12,Buy,Stop Loss,-1.0,,,2026-03-02,-1.0,False,MER,lunes,Pre-NY,2026-W10
02/03/2026,lunes,MER,Envolvente,20:01,20_07,Buy,Take Profit,1.0,1.0,,2026-03-02,1.0,False,MER,lunes,Asia,2026-W10
03/03/2026,martes,MEC,Envolvente,07:14,07:30,Buy,Take Profit,1.0,1.0,,2026-03-03,1.0,False,MEC,martes,Pre-NY,2026-W10
04/03/2026,miercoles,MER,Envolvente,07:01,07:03,Buy,Take Profit,1.0,1.0,,2026-03-04,1.0,False,MER,miercoles,Pre-NY,2026-W10
05/03/2026,jueves,MEC,Star,08:09,08:17,Sell,Take Profit,1.0,1.0,,2026-03-05,1.0,False,MEC,jueves,Pre-NY,2026-W10
05/03/2026,jueves,MER,Envolvente,20:12,20_31,Buy,Take Profit,1.0,1.0,,2026-03-05,1.0,False,MER,jueves,Asia,2026-W10
09/03/2026,lunes,MER,Envolvente,08:42,08:51,Sell,Take Profit,1.0,1.0,,2026-03-09,1.0,False,MER,lunes,Pre-NY,2026-W11
09/03/2026,lunes,MEC,Envolvente,21:52,21:57,Buy,Take Profit,1.0,1.0,,2026-03-09,1.0,False,MEC,lunes,Asia,2026-W11
10/03/2026,martes,MEC,Envolvente,07:00,07:05,Buy,Take Profit,1.0,1.0,,2026-03-10,1.0,False,MEC,martes,Pre-NY,2026-W11
16/03/2026,lunes,MER,Envolvente,20:54,21:00,Buy,Stop Loss,-1.0,,1.0,2026-03-16,-1.0,False,MER,lunes,Asia,2026-W12
17/03/2026,martes,MEC,Envolvente,07:34,07:45,Sell,Stop Loss,-1.0,,-1.0,2026-03-17,-1.0,False,MEC,martes,Pre-NY,2026-W12
17/03/2026,martes,MEC,Envolvente,07:56,08:01,Sell,Take Profit,1.0,1.0,,2026-03-17,1.0,False,MEC,martes,Pre-NY,2026-W12
18/03/2026,miercoles,MEC,Envolvente,08:26,08:37,Sell,Take Profit,1.0,1.0,,2026-03-18,1.0,False,MEC,miercoles,Pre-NY,2026-W12
18/03/2026,miercoles,MEC,Envolvente,20:01,21:02,Buy,Take Profit,1.0,1.0,,2026-03-18,1.0,False,MEC,miercoles,Asia,2026-W12
19/03/2026,jueves,MER,Envolvente,07:35,07:42,Sell,Take Profit,1.0,1.0,,2026-03-19,1.0,False,MER,jueves,Pre-NY,2026-W12
23/03/2026,lunes,MEC,Star,07:10,07:11,Buy,Take Profit,1.0,1.0,,2026-03-23,1.0,False,MEC,lunes,Pre-NY,2026-W13
23/03/2026,lunes,MEC,Envolvente,20:26,20:27,Sell,Take Profit,1.0,1.0,,2026-03-23,1.0,False,MEC,lunes,Asia,2026-W13
24/03/2026,martes,MER,Envolvente,08:22,08:33,Sell,Take Profit,1.0,1.0,,2026-03-24,1.0,False,MER,martes,Pre-NY,2026-W13
30/03/2026,lunes,MER,Star,07:42,07:18,Buy,Take Profit,1.0,1.0,,2026-03-30,1.0,False,MER,lunes,Pre-NY,2026-W14
30/03/2026,lunes,MEC,Envolvente,20:38,20:57,Buy,Take Profit,1.0,1.0,,2026-03-30,1.0,False,MEC,lunes,Asia,2026-W14
31/03/2026,martes,MER,Envolvente,08:01,09:03,Sell,Take Profit,1.0,1.0,,2026-03-31,1.0,False,MER,martes,Pre-NY,2026-W14
07/04/2026,martes,MEC,Envolvente,07:41,08:24,Buy,Take Profit,1.0,1.0,,2026-04-07,1.0,False,MEC,martes,Pre-NY,2026-W15
08/04/2026,miercoles,MER,Envolvente,07:07,07:26,Buy,Take Profit,1.0,1.0,,2026-04-08,1.0,False,MER,miercoles,Pre-NY,2026-W15
08/04/2026,miercoles,MER,Envolvente,20:21,20:41,Buy,Take Profit,1.0,1.0,,2026-04-08,1.0,False,MER,miercoles,Asia,2026-W15
13/04/2026,lunes,MEC,Star,07:40,08:50,Sell,Stop Loss,-1.0,,1.0,2026-04-13,-1.0,False,MEC,lunes,Pre-NY,2026-W16
13/04/2026,lunes,MEC,Envolvente,20:38,22:20,,Break Even,,,,2026-04-13,0.0,False,MEC,lunes,Asia,2026-W16
14/04/2026,martes,MEC,Envolvente,07:08,07:28,Buy,Take Profit,1.0,1.0,,2026-04-14,1.0,False,MEC,martes,Pre-NY,2026-W16
15/04/2026,miercoles,MEC,Envolvente,21:27,21:37,Sell,Take Profit,1.0,1.0,,2026-04-15,1.0,False,MEC,miercoles,Asia,2026-W16
16/04/2026,jueves,MEC,Star,07:56,08:07,Buy,Stop Loss,-1.0,,1.0,2026-04-16,-1.0,False,MEC,jueves,Pre-NY,2026-W16
20/04/2026,lunes,MEC,Envolvente,07:44,07:48,Buy,Take Profit,1.0,1.0,,2026-04-20,1.0,False,MEC,lunes,Pre-NY,2026-W17
20/04/2026,lunes,MER,Envolvente,21:29,21:39,Buy,Stop Loss,-1.0,,1.0,2026-04-20,-1.0,False,MER,lunes,Asia,2026-W17
22/04/2026,miercoles,MER,Star,08:25,08:36,Buy,Stop Loss,-1.0,,1.0,2026-04-22,-1.0,False,MER,miercoles,Pre-NY,2026-W17
22/04/2026,miercoles,MEC,Star,08:48,09:18,Sell,Take Profit,1.0,1.0,,2026-04-22,1.0,False,MEC,miercoles,Pre-NY,2026-W17
22/04/2026,miercoles,MER,Envolvente,21:10,21:13,Sell,Take Profit,1.0,,,2026-04-22,1.0,False,MER,miercoles,Asia,2026-W17
23/04/2026,jueves,MEC,Envolvente,07:03,07:46,Buy,Take Profit,1.0,1.0,,2026-04-23,1.0,False,MEC,jueves,Pre-NY,2026-W17
23/04/2026,jueves,MEC,Envolvente,20:46,21:00,Sell,Stop Loss,-1.0,,1.0,2026-04-23,-1.0,False,MEC,jueves,Asia,2026-W17
23/04/2026,jueves,MER,Envolvente,21:29,21:32,Sell,Take Profit,1.0,1.0,,2026-04-23,1.0,False,MER,jueves,Asia,2026-W17
27/04/2026,lunes,MER,Envolvente,20:01,20:08,Buy,Take Profit,1.0,1.0,,2026-04-27,1.0,False,MER,lunes,Asia,2026-W18
28/04/2026,martes,MER,Envolvente,07:23,07:31,Buy,Stop Loss,-1.0,,1.0,2026-04-28,-1.0,False,MER,martes,Pre-NY,2026-W18
28/04/2026,martes,MER,Envolvente,07:31,07:36,Sell,Take Profit,1.0,1.0,,2026-04-28,1.0,False,MER,martes,Pre-NY,2026-W18
29/04/2026,miercoles,MEC,Envolvente,20:44,20:46,Buy,Take Profit,1.0,1.0,,2026-04-29,1.0,False,MEC,miercoles,Asia,2026-W18
06/05/2026,miercoles,MER,Envolvente,08:59,09:01,Buy,Take Profit,1.0,1.0,,2026-05-06,1.0,False,MER,miercoles,Pre-NY,2026-W19
06/05/2026,miercoles,MER,Envolvente,21:03,21:10,Buy,Take Profit,1.0,1.0,,2026-05-06,1.0,False,MER,miercoles,Asia,2026-W19
07/05/2026,jueves,MEC,Envolvente,22:02,20:03,Buy,Take Profit,1.0,1.0,,2026-05-07,1.0,False,MEC,jueves,Asia,2026-W19
11/05/2026,lunes,MER,Envolvente,08:18,08:21,Buy,Take Profit,1.0,1.0,,2026-05-11,1.0,False,MER,lunes,Pre-NY,2026-W20
11/05/2026,lunes,MER,Envolvente,20:52,21:00,Sell,Take Profit,1.0,1.0,,2026-05-11,1.0,False,MER,lunes,Asia,2026-W20
13/05/2026,miercoles,MEC,Star,07:14,07:45,Buy,Take Profit,1.0,1.0,,2026-05-13,1.0,False,MEC,miercoles,Pre-NY,2026-W20
18/05/2026,lunes,MEC,Envolvente,07:41,08:20,Buy,Stop Loss,-1.0,,1.0,2026-05-18,-1.0,False,MEC,lunes,Pre-NY,2026-W21
18/05/2026,lunes,MEC,Envolvente,08:41,08:42,Sell,Take Profit,1.0,1.0,,2026-05-18,1.0,False,MEC,lunes,Pre-NY,2026-W21
20/05/2026,miercoles,MER,Envolvente,20:52,21:00,Buy,Stop Loss,-1.0,,1.0,2026-05-20,-1.0,False,MER,miercoles,Asia,2026-W21
20/05/2026,miercoles,MER,Envolvente,21:01,21:09,Sell,Stop Loss,-1.0,,1.0,2026-05-20,-1.0,False,MER,miercoles,Asia,2026-W21
21/05/2026,jueves,MER,Envolvente,07:51,08:20,Buy,Stop Loss,-0.9,,1.0,2026-05-21,-0.9,False,MER,jueves,Pre-NY,2026-W21
21/05/2026,jueves,MEC,Envolvente,08:20,09:15,Sell,Take Profit,1.0,1.0,,2026-05-21,1.0,False,MEC,jueves,Pre-NY,2026-W21
21/05/2026,jueves,MER,Envolvente,20:01,20:21,Sell,Stop Loss,-1.0,,1.0,2026-05-21,-1.0,False,MER,jueves,Asia,2026-W21
21/05/2026,jueves,MER,Envolvente,20_21,20:39,Buy,Take Profit,1.0,1.0,,2026-05-21,1.0,False,MER,jueves,Asia,2026-W21
26/05/2026,martes,MEC,Envolvente,07:42,08:46,Sell,Stop Loss,-0.8,,1.0,2026-05-26,-0.8,False,MEC,martes,Pre-NY,2026-W22
26/05/2026,martes,MEC,Envolvente,08:46,09:02,Buy,Take Profit,1.0,1.0,,2026-05-26,1.0,False,MEC,martes,Pre-NY,2026-W22
27/05/2026,miercoles,MER,Envolvente,07:42,07:54,Buy,Stop Loss,-0.9,,1.0,2026-05-27,-0.9,False,MER,miercoles,Pre-NY,2026-W22
27/05/2026,miercoles,MEC,Star,07:54,08:18,Sell,Stop Loss,-1.0,,1.0,2026-05-27,-1.0,False,MEC,miercoles,Pre-NY,2026-W22
28/05/2026,jueves,MER,Envolvente,07:37,08:21,Buy,Stop Loss,-1.0,,1.0,2026-05-28,-1.0,False,MER,jueves,Pre-NY,2026-W22
28/05/2026,jueves,MEC,Envolvente,20:16,20:34,Buy,Take Profit,1.0,1.0,,2026-05-28,1.0,False,MEC,jueves,Asia,2026-W22
01/06/2026,lunes,MER,Envolvente,08;06,08:14,Buy,Stop Loss,-1.0,,1.0,2026-06-01,-1.0,False,MER,lunes,Pre-NY,2026-W23
01/06/2026,lunes,MEC,Envolvente,20::29,21:01,Buy,Stop Loss,-1.0,,1.0,2026-06-01,-1.0,False,MEC,lunes,Asia,2026-W23
01/06/2026,lunes,MEC,Envolvente,21:46,21:51,Sell,Take Profit,1.0,1.0,,2026-06-01,1.0,False,MEC,lunes,Asia,2026-W23
02/06/2026,martes,MEC,Envolvente,08:49,09:00,Sell,Take Profit,1.0,1.0,,2026-06-02,1.0,False,MEC,martes,Pre-NY,2026-W23
03/06/2026,miercoles,MEC,Envolvente,07:02,07:08,Buy,Take Profit,1.0,1.0,,2026-06-03,1.0,False,MEC,miercoles,Pre-NY,2026-W23
03/06/2026,miercoles,MER,Envolvente,21:02,21:12,Buy,Take Profit,1.0,1.0,,2026-06-03,1.0,False,MER,miercoles,Asia,2026-W23
04/06/2026,jueves,MEC,Envolvente,07:25,07:27,Buy,Take Profit,1.0,1.0,,2026-06-04,1.0,False,MEC,jueves,Pre-NY,2026-W23
08/06/2026,lunes,MEC,Envolvente,07:14,07:20,Buy,Take Profit,1.0,1.0,,2026-06-08,1.0,False,MEC,lunes,Pre-NY,2026-W24
08/06/2026,lunes,MEC,Envolvente,21:05,21:07,Buy,Take Profit,1.0,1.0,,2026-06-08,1.0,False,MEC,lunes,Asia,2026-W24
09/06/2026,martes,MEC,Envolvente,08:38,08:53,Buy,Stop Loss,-0.5,,1.0,2026-06-09,-0.5,False,MEC,martes,Pre-NY,2026-W24
09/06/2026,martes,MER,Envolvente,08:53,09:00,Sell,Stop Loss,-1.0,,1.0,2026-06-09,-1.0,False,MER,martes,Pre-NY,2026-W24
10/06/2026,miercoles,MER,Envolvente,21:45,22:00,Sell,Take Profit,1.0,1.0,,2026-06-10,1.0,False,MER,miercoles,Asia,2026-W24
15/06/2026,lunes,MEC,Envolvente,08:50,09:02,Buy,Stop Loss,-1.0,,1.0,2026-06-15,-1.0,False,MEC,lunes,Pre-NY,2026-W25
15/06/2026,lunes,MEC,Envolvente,21:00,21:05,Buy,Stop Loss,-0.7,,1.0,2026-06-15,-0.7,False,MEC,lunes,Asia,2026-W25
16/06/2026,martes,MEC,Envolvente,07:07,07:36,Sell,Take Profit,1.0,1.0,,2026-06-16,1.0,False,MEC,martes,Pre-NY,2026-W25
17/06/2026,miercoles,MEC,Envolvente,07:34,07:56,Sell,Take Profit,1.0,1.0,,2026-06-17,1.0,False,MEC,miercoles,Pre-NY,2026-W25
17/06/2026,miercoles,MER,Envolvente,21:17,22:04,Sell,Stop Loss,-0.55,,1.0,2026-06-17,-0.55,False,MER,miercoles,Asia,2026-W25
17/06/2026,miercoles,MEC,Envolvente,22:04,22:12,Buy,Take Profit,1.0,1.0,,2026-06-17,1.0,False,MEC,miercoles,Asia,2026-W25
18/06/2026,jueves,MEC,Envolvente,08:33,09:00,Sell,Break Even,,,,2026-06-18,0.0,False,MEC,jueves,Pre-NY,2026-W25
22/06/2026,lunes,MEC,Star,07:25,07:38,Sell,Take Profit,1.0,1.0,,2026-06-22,1.0,False,MEC,lunes,Pre-NY,2026-W26
22/06/2026,lunes,MEC,Envolvente,21:44,22:30,Sell,Break Even,,,,2026-06-22,0.0,False,MEC,lunes,Asia,2026-W26
23/06/2026,martes,MER,Envolvente,07:34,08:11,Sell,Take Profit,1.0,1.0,,2026-06-23,1.0,False,MER,martes,Pre-NY,2026-W26
24/06/2026,miercoles,MER,Envolvente,07:31,08:06,Buy,Stop Loss,-1.0,,1.0,2026-06-24,-1.0,False,MER,miercoles,Pre-NY,2026-W26
24/06/2026,miercoles,MEC,Envolvente,08:49,08:59,Sell,Take Profit,1.0,1.0,,2026-06-24,1.0,False,MEC,miercoles,Pre-NY,2026-W26
25/06/2026,jueves,MER,Envolvente,07:39,08:30,Buy,Take Profit,1.0,1.0,,2026-06-25,1.0,False,MER,jueves,Pre-NY,2026-W26
29/06/2026,lunes,MEC,Envolvente,20:36,20:42,Sell,Take Profit,1.0,1.0,,2026-06-29,1.0,False,MEC,lunes,Asia,2026-W27
30/06/2026,martes,MER,Envolvente,07:25,07:41,Sell,Stop Loss,-1.0,,1.0,2026-06-30,-1.0,False,MER,martes,Pre-NY,2026-W27
30/06/2026,martes,MEC,Star,08:20,08:23,Sell,Take Profit,1.0,1.0,,2026-06-30,1.0,False,MEC,martes,Pre-NY,2026-W27
01/07/2026,miercoles,MEC,Envolvente,07:21,08:50,Buy,Break Even,,,,2026-07-01,0.0,False,MEC,miercoles,Pre-NY,2026-W27
01/07/2026,miercoles,MEC,Envolvente,,20:10,Sell,Take Profit,1.0,1.0,,2026-07-01,1.0,False,MEC,miercoles,Asia,2026-W27
02/07/2026,jueves,MEC,Envolvente,,20:14,Buy,Take Profit,1.0,1.0,,2026-07-02,1.0,False,MEC,jueves,Asia,2026-W27
06/07/2026,lunes,MER,Envolvente,07:29,08:21,Sell,Take Profit,1.0,1.0,,2026-07-06,1.0,False,MER,lunes,Pre-NY,2026-W28
06/07/2026,lunes,MEC,Envolvente,,21:10,Sell,Take Profit,1.0,1.0,,2026-07-06,1.0,False,MEC,lunes,Asia,2026-W28
07/07/2026,martes,MER,Envolvente,07:18,07:45,Buy,Take Profit,1.0,1.0,,2026-07-07,1.0,False,MER,martes,Pre-NY,2026-W28
13/07/2026,lunes,MER,Envolvente,08:00,08:12,Sell,Stop Loss,-1.0,,1.0,2026-07-13,-1.0,False,MER,lunes,Pre-NY,2026-W29
13/07/2026,lunes,MEC,Envolvente,08:43,08:59,Buy,Take Profit,1.0,1.0,,2026-07-13,1.0,False,MEC,lunes,Pre-NY,2026-W29
13/07/2026,lunes,MER,Envolvente,20:02,20:07,Sell,Take Profit,1.0,1.0,,2026-07-13,1.0,False,MER,lunes,Asia,2026-W29
15/07/2026,miercoles,MEC,Envolvente,08:32,08:58,Buy,Take Profit,1.0,1.0,,2026-07-15,1.0,False,MEC,miercoles,Pre-NY,2026-W29
15/07/2026,miercoles,MEC,Envolvente,21:23,22:16,Sell,Take Profit,1.0,1.0,,2026-07-15,1.0,False,MEC,miercoles,Asia,2026-W29
20/07/2026,Lunes,MEC,Envolvente,20:19,20:51,Buy,Take Profit,1,1.0,,2026-07-20,1.0,False,MEC,lunes,Asia,2026-W30
21/07/2026,martes,MEC,Envolvente,08:23,08:35,Buy,Stop Loss,-1.0,,1.0,2026-07-21,-1.0,False,MEC,martes,Pre-NY,2026-W30
22/07/2026,miercoles,MEC,Envolvente,07:09,07:17,Buy,Take Profit,1.0,1.0,,2026-07-22,1.0,False,MEC,miercoles,Pre-NY,2026-W30
22/07/2026,Miércoles,MER,,21:30,21:48,Sell,Take Profit,1,1.0,,2026-07-22,1.0,False,MER,miércoles,Asia,2026-W30
27/07/2026,lunes,MER,Envolvente,07:08,07:19,Buy,Stop Loss,-0.5,,1.0,2026-07-27,-0.5,False,MER,lunes,Pre-NY,2026-W31
27/07/2026,lunes,MER,Envolvente,07:19,07:29,Sell,Take Profit,1.0,1.0,,2026-07-27,1.0,False,MER,lunes,Pre-NY,2026-W31
27/07/2026,Lunes,MER,,20:33,20:48,Buy,Stop Loss,-1,,1.0,2026-07-27,-1.0,False,MER,lunes,Asia,2026-W31
28/07/2026,martes,MER,Envolvente,07:03,07:04,Sell,Stop Loss,-1.0,,1.0,2026-07-28,-1.0,False,MER,martes,Pre-NY,2026-W31
29/07/2026,miercoles,MER,Envolvente,07:14,07:32,Buy,Take Profit,0.5,1.0,,2026-07-29,0.5,False,MER,miercoles,Pre-NY,2026-W31
29/07/2026,Miércoles,MEC,Envolvente,20:34,20:39,Sell,Take Profit,1,1.0,,2026-07-29,1.0,False,MEC,miércoles,Asia,2026-W31
30/07/2026,Jueves,MEC,Envolvente,20:16,20:31,Sell,Take Profit,1,1.0,,2026-07-30,1.0,False,MEC,jueves,Asia,2026-W31
03/08/2026,lunes,MEC,Envolvente,07:47,07:51,Buy,Take Profit,1.0,1.0,,2026-08-03,1.0,False,MEC,lunes,Pre-NY,2026-W32
03/08/2026,Lunes,MEC,START,21:05,21:43,Sell,Stop Loss,-1,,1.0,2026-08-03,-1.0,False,MEC,lunes,Asia,2026-W32
04/08/2026,martes,MEC,Envolvente,07:25,07:32,Buy,Take Profit,1.0,1.0,,2026-08-04,1.0,False,MEC,martes,Pre-NY,2026-W32
05/08/2026,miercoles,MEC,Envolvente,07:02,07:16,Buy,Take Profit,1.0,1.0,,2026-08-05,1.0,False,MEC,miercoles,Pre-NY,2026-W32
05/08/2026,Miércoles,MER,,21:31,21:39,Buy,Take Profit,1,1.0,,2026-08-05,1.0,False,MER,miércoles,Asia,2026-W32
10/08/2026,lunes,MEC,Envolvente,08:13,08:26,Sell,Take Profit,1.0,1.0,,2026-08-10,1.0,False,MEC,lunes,Pre-NY,2026-W33
11/08/2026,martes,MEC,Envolvente,07:01,09:10,Buy,Take Profit,1.0,1.0,,2026-08-11,1.0,False,MEC,martes,Pre-NY,2026-W33
12/08/2026,Miércoles,MEC,Envolvente,20:15,20:23,Buy,Take Profit,1,1.0,,2026-08-12,1.0,False,MEC,miércoles,Asia,2026-W33
17/08/2026,Lunes,MEC,Envolvente,08:44,09:32,Sell,Stop Loss,"-0,86",,1.0,2026-08-17,-0.86,False,MEC,lunes,Pre-NY,2026-W34
17/08/2026,Lunes,MEC,Envolvente,21:41,21:45,Sell,Take Profit,1,1.0,,2026-08-17,1.0,False,MEC,lunes,Asia,2026-W34
19/08/2026,Miércoles,MEC,Envolvente,08:11,08:33,Buy,Take Profit,1,1.0,,2026-08-19,1.0,False,MEC,miércoles,Pre-NY,2026-W34
19/08/2026,Miércoles,MER,,20:21,21:01,Sell,Take Profit,1,1.0,,2026-08-19,1.0,False,MER,miércoles,Asia,2026-W34
20/08/2026,Jueves,MEC,Envolvente,07:13,07:41,Sell,Take Profit,1,1.0,,2026-08-20,1.0,False,MEC,jueves,Pre-NY,2026-W34
24/08/2026,Lunes,MEC,START,20:59,21:00,Sell,Take Profit,1,1.0,,2026-08-24,1.0,False,MEC,lunes,Asia,2026-W35
25/08/2026,Martes,MEC,Envolvente,07:18,08:03,Buy,Stop Loss,"-0,9",,1.0,2026-08-25,-0.9,False,MEC,martes,Pre-NY,2026-W35
25/08/2026,Martes,"Hegde Position, MEC",Envolvente,08:03,08:40,Sell,Take Profit,1,1.0,,2026-08-25,1.0,True,MEC,martes,Pre-NY,2026-W35
26/08/2026,Miércoles,MEC,Envolvente,08:00,08:30,Buy,Stop Loss,-1,,1.0,2026-08-26,-1.0,False,MEC,miércoles,Pre-NY,2026-W35
26/08/2026,Miércoles,MER,,20:06,20:35,Sell,Take Profit,1,1.0,,2026-08-26,1.0,False,MER,miércoles,Asia,2026-W35
27/08/2026,Jueves,MEC,START,07:20,07:31,Buy,Take Profit,1,1.0,,2026-08-27,1.0,False,MEC,jueves,Pre-NY,2026-W35
27/08/2026,Jueves,MEC,Envolvente,20:21,21:07,Sell,Stop Loss,"-0,48",,1.0,2026-08-27,-0.48,False,MEC,jueves,Asia,2026-W35
27/08/2026,Jueves,"Hegde Position, MEC",Envolvente,21:07,21:27,Buy,Stop Loss,-1,,1.0,2026-08-27,-1.0,True,MEC,jueves,Asia,2026-W35
31/08/2026,Lunes,MEC,Envolvente,21:05 ,21:34,Sell,Take Profit,"0,33",1.0,,2026-08-31,0.33,False,MEC,lunes,Asia,2026-W36
01/09/2026,Martes,MEC,Envolvente,08:00 ,08:35,Sell,Take Profit,1,1.0,,2026-09-01,1.0,False,MEC,martes,Pre-NY,2026-W36
02/09/2026,Miércoles,MEC,Envolvente,07:12 ,07:14,Buy,Take Profit,1,1.0,,2026-09-02,1.0,False,MEC,miércoles,Pre-NY,2026-W36
