dir,fin_idx,resultado,dist_1_antes,dist_2_antes,dist_3_antes,dist_max,largo
1,4,reversion,0.6502207947591134,0.8670957794971472,0.2670983669434371,0.8670957794971472,4
1,6,reversion,0.34711652021390305,,,0.34711652021390305,1
-1,11,continuacion,0.7658958179397326,,,0.7658958179397326,1
-1,14,continuacion,0.05046783168217582,,,0.05046783168217582,1
-1,23,reversion,0.16553539459724353,0.8821002644842459,1.1578899925428017,2.3673170468192235,8
-1,25,reversion,0.21624104116557652,,,0.21624104116557652,1
1,30,continuacion,0.4724813905019548,0.12047863330373107,,0.4724813905019548,2
1,33,reversion,0.19850579404637253,0.3885104203262212,,0.3885104203262212,2
-1,37,reversion,0.3153514483304831,0.9691794129463689,0.3596234389803251,0.9691794129463689,3
1,43,continuacion,0.576755349479251,1.3183645440948877,1.603131702604748,1.603131702604748,4
1,50,continuacion,0.9645300445556857,1.409381950076096,1.4481584802622018,1.4481584802622018,6
1,53,reversion,0.33040449167775726,0.6895180448185908,,0.6895180448185908,2
-1,62,reversion,0.15073705266077397,1.0224843862115063,0.9179581836366016,1.8713908357373772,7
1,66,reversion,0.6307582940610414,0.3874999416942503,,0.6307582940610414,2
-1,78,continuacion,0.47765156685079524,1.2224529537893962,1.42743690448057,2.582305394855018,8
-1,85,reversion,0.6952055835953322,1.794005637845447,1.478233405753496,1.794005637845447,6
1,87,continuacion,0.6167590743425877,,,0.6167590743425877,1
1,107,continuacion,1.6348211586515564,1.5753310621603693,1.5182807303105625,2.1955796074523475,19
-1,115,reversion,0.4315697821132154,,,0.4315697821132154,1
1,124,reversion,1.092242733890208,0.7377088201010326,0.9453369796477235,1.5719554778725702,6
-1,131,continuacion,0.43926529183985613,1.0930191276898846,1.7419039037095836,1.7419039037095836,6
-1,141,continuacion,0.8198532890785742,0.686258478666633,0.960213781334922,1.842965525975557,8
1,144,reversion,0.6194146875095282,,,0.6194146875095282,1
-1,146,continuacion,0.5353108233017315,,,0.5353108233017315,1
-1,152,continuacion,0.28045876925183566,0.8790047859890447,1.693360569429617,1.693360569429617,3
1,154,reversion,0.24528567535252688,,,0.24528567535252688,1
-1,158,continuacion,0.21090423948218845,,,0.21090423948218845,1
-1,162,reversion,0.6096744042833528,0.28106525592629483,,0.6096744042833528,2
-1,164,reversion,0.12147934181523694,,,0.12147934181523694,1
1,166,reversion,0.6768336163945167,0.6096387150026391,,0.6768336163945167,2
1,168,reversion,0.3698684375603953,,,0.3698684375603953,1
-1,180,continuacion,0.319958896897471,2.4195236765748795,2.029714123760452,2.4195236765748795,10
1,182,reversion,0.20397541292041044,,,0.20397541292041044,1
-1,186,reversion,0.12615454740673,0.6852897475864197,1.2816155779181768,1.2816155779181768,4
1,193,continuacion,1.3490910758323253,0.9912646673044919,1.0728623969718538,1.3490910758323253,3
-1,195,reversion,0.17681989802532155,,,0.17681989802532155,1
1,202,reversion,0.32530036315657557,0.5374131722860577,0.7021125847136968,0.7021125847136968,5
-1,209,reversion,1.3565792876195057,0.48257892843700023,0.7408541998129222,1.6578350954086971,6
1,213,reversion,0.48186072170387806,1.1100655962779074,0.4003293986535884,1.1100655962779074,3
-1,215,continuacion,0.16384979727259738,,,0.16384979727259738,1
-1,218,reversion,0.7825274973036358,0.512605123499494,,0.7825274973036358,2
1,220,continuacion,0.2526495220979147,,,0.2526495220979147,1
-1,225,reversion,0.2222281043943799,,,0.2222281043943799,1
1,231,continuacion,0.41251551679695664,1.0431765865421487,1.1761816368288873,1.236311506827749,4
1,236,continuacion,0.27343074967935865,,,0.27343074967935865,1
1,238,continuacion,0.5142807189642324,,,0.5142807189642324,1
-1,242,reversion,0.21952553743237002,,,0.21952553743237002,1
1,244,continuacion,0.35546027385503454,,,0.35546027385503454,1
1,252,continuacion,0.5106991554500537,1.0293551720359257,1.629708029231868,2.186154970947693,7
1,270,continuacion,0.28122219991210556,0.23545368884805207,1.1313411083734346,2.6644358236607655,16
1,273,continuacion,0.4528864342789258,,,0.4528864342789258,1
1,278,reversion,0.18775907475986234,1.1916355848618803,0.45655863384967144,1.1916355848618803,4
-1,281,continuacion,0.5009549986649294,,,0.5009549986649294,1
-1,293,reversion,0.8175013453664861,0.9244380161369916,1.9442743102546038,1.9442743102546038,10
-1,297,reversion,1.4816844638030493,,,1.4816844638030493,1
1,302,continuacion,0.7705449076803711,0.9073637252190606,0.806761135252536,0.9073637252190606,3
1,304,continuacion,0.54342666363631,,,0.54342666363631,1
-1,306,reversion,0.30372397501409154,,,0.30372397501409154,1
1,312,reversion,0.5510741150836632,1.1931742801574379,1.5206471199995797,1.5206471199995797,5
-1,314,continuacion,0.22459549896395317,,,0.22459549896395317,1
-1,320,continuacion,0.3454415093625313,0.674623002522287,1.341466986370836,1.590423202701075,5
-1,326,continuacion,0.46431909931959914,0.641670438496094,0.7742641844352754,0.7742641844352754,3
-1,334,continuacion,0.7186454459663786,0.4007973198711293,0.6433773263914795,2.089810485700504,7
-1,340,reversion,0.06571951445149105,0.906304083066666,0.9859222319127857,0.9859222319127857,3
1,342,continuacion,0.6867601466500637,,,0.6867601466500637,1
1,346,continuacion,0.6445096202609627,0.8139811222426044,,0.8139811222426044,2
1,350,reversion,0.29113822446012555,0.7416360485480973,0.5335514433176374,0.7416360485480973,3
-1,354,continuacion,0.5141876384119662,1.1702748676130428,1.1397341113281574,1.1702748676130428,3
-1,372,continuacion,0.868395571364213,1.8414329263013898,1.9465705712673023,2.5335613114077256,9
-1,379,reversion,0.47301783315745394,0.5834668826524735,0.8406955290879834,1.0263115954506363,4
-1,382,reversion,0.1385000112961817,,,0.1385000112961817,1
1,384,continuacion,0.2738799607063366,,,0.2738799607063366,1
1,391,reversion,0.33837958881366215,0.9514725737432383,0.7130089651935545,1.1007900587820358,6
-1,393,continuacion,0.3810437252021713,,,0.3810437252021713,1
-1,399,continuacion,1.8334714588312346,2.259536955009123,,2.259536955009123,2
-1,404,continuacion,0.5161018023696013,,,0.5161018023696013,1
-1,413,reversion,0.21875263365754138,0.6981362398424196,0.4989187734257784,5.005113687748504,8
1,417,continuacion,0.682449556412102,0.672865433064125,0.4035414043173918,0.682449556412102,3
1,421,reversion,0.33687405800428166,0.27973419195060834,,0.33687405800428166,2
-1,432,continuacion,0.8142212438954781,0.809208191682769,1.7298955063421178,1.7298955063421178,7
-1,435,continuacion,0.22346964063574834,,,0.22346964063574834,1
1,437,reversion,0.03111530100862544,,,0.03111530100862544,1
-1,446,continuacion,0.5748073359541526,0.35341427174681417,,0.5748073359541526,2
-1,460,reversion,0.4349704941605394,1.5965731756469923,2.5149454426497106,2.701562418522441,9
-1,462,reversion,0.32693670158056637,,,0.32693670158056637,1
-1,464,reversion,0.45291070976802994,,,0.45291070976802994,1
1,479,continuacion,0.658304445971701,0.48461824681906174,0.8833357531701099,1.8906325801780102,13
-1,486,reversion,0.7129849906255953,,,0.7129849906255953,1
1,491,continuacion,0.759324116169692,0.3575052774029372,1.048311625086473,1.048311625086473,4
1,502,reversion,0.9579764756334924,1.4540493915983632,1.8218792991711863,1.8218792991711863,10
-1,507,continuacion,0.15984638631020345,,,0.15984638631020345,1
-1,514,continuacion,1.5123518874054203,1.4311636155366507,2.203764786456156,2.203764786456156,6
1,516,reversion,1.0249180975923802,,,1.0249180975923802,1
-1,519,continuacion,0.6568258007810623,0.39316982317829646,,0.6568258007810623,2
-1,527,continuacion,0.3530972265653664,0.1406840793238088,0.05656518982388752,0.3530972265653664,3
1,529,reversion,0.13590299996368024,,,0.13590299996368024,1
-1,535,reversion,0.38875989416834567,0.8316657220759047,0.9162851725323851,1.4548164027490207,5
1,544,reversion,0.47352246363343325,0.9158733823704216,1.1217987532196911,1.3133366387503285,9
-1,550,continuacion,0.2679166647896655,0.842434135414798,0.6780063933681033,0.8864197737174494,5
-1,555,continuacion,1.436080101192401,1.5969017908908363,1.396187030506364,1.5969017908908363,4
-1,564,continuacion,1.033233138891175,1.2281697015427022,1.3498069568474078,1.634208228593849,8
-1,568,continuacion,1.1924379600964592,,,1.1924379600964592,1
1,574,reversion,0.6325047747099004,,,0.6325047747099004,1
-1,576,continuacion,0.25307061058826236,,,0.25307061058826236,1
-1,584,reversion,0.1129530243310168,0.5827787652417603,1.0132838789767753,1.5682269484687612,5
1,589,continuacion,0.9851820189929219,,,0.9851820189929219,1
1,591,continuacion,0.2703724264797051,,,0.2703724264797051,1
1,598,continuacion,0.18335926313061868,0.09929269255100841,0.5429784217541417,0.9853936593304454,6
1,604,continuacion,0.8042400512496779,1.0402707222510406,,1.0402707222510406,2
1,606,continuacion,0.591376198274661,,,0.591376198274661,1
1,611,continuacion,0.2836645937645496,,,0.2836645937645496,1
1,626,continuacion,0.5642732789146239,0.46985909319503566,1.5541737349597422,2.0738162843871537,14
1,630,continuacion,0.5173396926637343,0.4710082554925898,1.3542341899681127,1.3542341899681127,3
1,638,reversion,0.8121043869102864,1.411597659905631,1.3357849980482486,1.493588114669728,4
-1,651,reversion,0.8960438782755603,0.6932604669847247,1.5836880757762348,1.7342421287278806,11
1,658,reversion,1.0836741771381404,0.7438294524536478,0.985340677283546,1.0836741771381404,3
-1,664,reversion,0.7413674109479284,1.1324799763555347,0.9241277973994176,1.1324799763555347,5
-1,670,reversion,0.7060639131260701,,,0.7060639131260701,1
1,673,reversion,0.5809088030974517,0.7291700988741207,,0.7291700988741207,2
-1,676,continuacion,0.5058387885578307,0.580446248758494,,0.580446248758494,2
-1,684,continuacion,0.5414195276109901,0.04672377165756542,0.1282322574607471,0.5414195276109901,4
1,685,reversion,0.10335145134244958,,,0.10335145134244958,1
-1,686,continuacion,0.1878209771109579,,,0.1878209771109579,1
-1,694,reversion,0.35093612812836783,1.3304672657149448,1.584374409235807,2.2895138409317486,7
1,698,continuacion,0.3698033860414408,,,0.3698033860414408,1
1,701,continuacion,0.9609910087180692,1.09171467057889,,1.09171467057889,2
1,713,continuacion,1.204393516249884,1.071514749941334,0.9349064581285119,2.921830436225576,10
1,719,reversion,1.0216874801037243,1.3496795906022816,0.4627476449724421,1.3496795906022816,3
-1,722,continuacion,1.080834378442685,1.5054618905311676,,1.5054618905311676,2
-1,729,continuacion,0.2143295508505486,1.3011441036429794,0.48368415917376406,1.3011441036429794,4
-1,736,reversion,0.7431307190751155,0.6137001596105032,0.27712556198609434,1.3757201101757581,4
1,741,reversion,0.43092919383612854,0.5071137886027174,0.6353243650171848,0.9454970319920188,4
1,743,reversion,0.5936333827111436,,,0.5936333827111436,1
-1,750,continuacion,1.0661778556482584,1.1657750894588144,1.8151588507277245,1.8151588507277245,6
-1,752,continuacion,0.46889451221157435,,,0.46889451221157435,1
-1,776,continuacion,0.43084188711858074,0.9713288593327056,0.5110481156945729,2.0190496064433643,21
-1,779,reversion,0.4115810777919698,1.9067606890292177,,1.9067606890292177,2
1,791,reversion,0.6171382396660515,1.3229332011544432,0.9781435725218216,1.5709006145912956,10
-1,807,reversion,0.40825336476941504,0.6427217672992898,0.5325982801682942,3.3763677152467557,16
1,816,continuacion,0.4551972593019313,0.591582135908,0.5739542127346877,1.1908386218368456,8
1,821,continuacion,0.4278119960910326,,,0.4278119960910326,1
1,827,reversion,0.4200936354129458,0.6717054189643855,1.020350896982022,1.020350896982022,3
-1,830,continuacion,0.6023079199793131,,,0.6023079199793131,1
-1,832,continuacion,0.3422128945698158,,,0.3422128945698158,1
-1,835,reversion,0.9481157001597381,0.882721287072506,,0.9481157001597381,2
-1,837,reversion,0.4246571606397324,,,0.4246571606397324,1
1,848,continuacion,0.925407875337416,1.1585516938640132,1.3058821805991605,1.3058821805991605,7
1,857,reversion,0.42934599267487267,0.8432225378482349,0.3451495282334932,2.3771066999022135,8
-1,869,continuacion,0.6221616978276606,1.1059825790373634,1.4033405369659453,1.4033405369659453,5
-1,876,continuacion,0.48598357958185395,0.8196072481964743,0.801391414741838,1.385860046290372,6
-1,890,reversion,0.9391259775302748,0.8295936393537087,1.0704411795674815,1.930230568651769,8
1,898,continuacion,0.877040629317817,1.435959059474698,1.2646627803274062,1.435959059474698,6
1,904,continuacion,0.6741211746047496,1.3393988253453377,0.5529002165796411,1.3393988253453377,3
1,912,continuacion,0.21915833301181745,,,0.21915833301181745,1
1,920,reversion,0.6019866549927989,1.011642261843291,,1.011642261843291,2
-1,923,continuacion,0.28138772836360443,1.1071914178887206,,1.1071914178887206,2
-1,927,reversion,0.029664984812911875,0.49062196832243127,,0.49062196832243127,2
1,929,continuacion,0.2523045311810065,,,0.2523045311810065,1
1,933,reversion,1.28581362418285,1.3750899896200355,1.6798665531819537,1.6798665531819537,3
-1,936,continuacion,0.3137640525226557,,,0.3137640525226557,1
-1,941,continuacion,0.5558261705864933,0.7828469524478663,1.160769277914953,1.2576896107487074,4
-1,943,continuacion,0.023165858798562953,,,0.023165858798562953,1
-1,948,continuacion,0.34681207722545654,0.7608067523423344,1.3642603301155323,1.3642603301155323,4
-1,951,continuacion,0.21244112020356445,,,0.21244112020356445,1
1,956,reversion,1.111076098402801,,,1.111076098402801,1
-1,961,continuacion,0.5589817648876745,0.7832587193558495,0.8422015765174767,0.8422015765174767,3
-1,984,continuacion,1.0251621657185115,0.9526400206167315,0.8429088860572188,2.879632194630972,22
-1,989,reversion,0.2540240111022419,0.6684290424136416,0.4262958222712228,0.6684290424136416,4
1,996,continuacion,0.6976019434939177,0.4314134652903746,0.7161068430496924,0.7161068430496924,3
1,1001,reversion,1.2915966034003388,2.1089104930529077,2.1934065448505446,2.1934065448505446,4
-1,1004,continuacion,0.553750792816688,,,0.553750792816688,1
1,1007,reversion,0.3942120703356069,,,0.3942120703356069,1
-1,1011,continuacion,0.5023134810950235,0.5941041556397619,,0.5941041556397619,2
-1,1016,reversion,0.7519980786998625,0.5274285415343463,0.9325891312285312,0.9325891312285312,4
1,1020,continuacion,0.8372632031507441,1.376811821301839,0.22281274593307845,1.376811821301839,3
1,1024,reversion,0.9386262015954508,1.7243408248762457,0.5639169937251483,1.7243408248762457,3
-1,1028,reversion,0.9015090555242222,0.9833954774506426,,0.9833954774506426,2
1,1040,reversion,0.3861075929677777,1.2508436519075081,1.8647295026005961,1.8647295026005961,11
-1,1043,continuacion,0.1875351199407699,,,0.1875351199407699,1
-1,1046,continuacion,0.05876696083484261,,,0.05876696083484261,1
1,1047,reversion,0.6298272581974287,,,0.6298272581974287,1
-1,1063,continuacion,0.4720131367936687,1.39559942978356,1.7117385689504816,2.545138243467651,16
-1,1065,continuacion,1.093557458798183,,,1.093557458798183,1
-1,1067,continuacion,0.557005567906552,,,0.557005567906552,1
-1,1069,continuacion,0.44297794567324994,,,0.44297794567324994,1
-1,1072,continuacion,0.30068907331384154,,,0.30068907331384154,1
-1,1080,continuacion,0.5474122528983297,,,0.5474122528983297,1
1,1085,reversion,0.2551196324150824,,,0.2551196324150824,1
1,1087,reversion,0.3838502474128485,,,0.3838502474128485,1
1,1089,reversion,0.3268401290763145,,,0.3268401290763145,1
-1,1091,reversion,0.5921771075842813,0.714208471469759,,0.714208471469759,2
1,1097,continuacion,0.6445611456007112,0.8847052426749338,1.8341605224880826,1.8341605224880826,5
1,1120,continuacion,2.3447644875735567,3.308257239779573,1.8117542206830377,3.308257239779573,18
1,1124,continuacion,0.9669464540829648,,,0.9669464540829648,1
1,1128,continuacion,0.7897051998776956,0.9598369112507983,,0.9598369112507983,2
1,1131,continuacion,0.2448602722187107,,,0.2448602722187107,1
1,1136,continuacion,0.6247238111533755,0.8159198166958869,1.2901974122036748,1.2901974122036748,4
-1,1141,reversion,0.8262578255228709,,,0.8262578255228709,1
1,1144,reversion,0.17036018940346626,0.6449054830179904,,0.6449054830179904,2
-1,1149,reversion,0.740630569089199,0.827293672490991,,0.827293672490991,2
-1,1154,reversion,0.5463469875364094,,,0.5463469875364094,1
1,1160,continuacion,1.008873273731491,1.0649349605882539,0.5667817750250181,1.0649349605882539,3
-1,1163,reversion,0.26519579618861083,,,0.26519579618861083,1
1,1167,continuacion,0.2799666261079588,0.5990038706281813,,0.5990038706281813,2
1,1171,continuacion,0.4046457288643542,,,0.4046457288643542,1
1,1178,reversion,0.9963460714522265,0.07462380278835092,0.1972479107590311,1.8254629575707004,6
-1,1180,continuacion,0.38682179756944296,,,0.38682179756944296,1
1,1184,reversion,0.08444003561901839,,,0.08444003561901839,1
-1,1196,reversion,0.9938900713077391,1.0632463268225865,1.13885302912174,1.645449967311259,10
1,1208,reversion,0.6119397551020328,0.8962412891918896,1.3485881479907447,1.726090002040227,11
-1,1211,reversion,0.7139949224720459,0.4782020168009436,,0.7139949224720459,2
1,1220,reversion,1.2490467530904308,1.7901148142275736,1.802766315189593,1.802766315189593,8
1,1222,reversion,0.6029414988999916,,,0.6029414988999916,1
-1,1228,continuacion,0.15900846363072707,0.3566132950521939,0.5267085321761297,0.5267085321761297,3
-1,1230,continuacion,0.03180691779912041,,,0.03180691779912041,1
-1,1233,reversion,0.335673055853492,0.4823016291222356,,0.4823016291222356,2
1,1235,continuacion,0.3148388557086896,,,0.3148388557086896,1
1,1239,reversion,0.7487138306730342,1.4346099133491683,0.9981140477551778,1.4346099133491683,3
-1,1243,continuacion,0.19267280211266732,0.588192481803567,,0.588192481803567,2
1,1244,reversion,0.11923372965942391,,,0.11923372965942391,1
-1,1247,continuacion,0.04393482357581135,,,0.04393482357581135,1
1,1250,reversion,0.45756547640119705,,,0.45756547640119705,1
-1,1255,continuacion,1.1111804553499833,1.0304441198831802,0.11243962493863234,1.1111804553499833,4
-1,1260,reversion,0.6463987458999406,1.2072796718904641,1.1047954136459144,1.2072796718904641,4
1,1264,reversion,0.3969726587545376,1.0318650497284803,,1.0318650497284803,2
-1,1272,reversion,0.37463353638806063,0.4529589146647681,1.2109973289666764,1.2109973289666764,6
1,1276,reversion,1.0480735204426082,1.036011215548664,1.5207856375162982,1.5207856375162982,4
-1,1279,continuacion,0.38790699918328336,0.7123578330912841,,0.7123578330912841,2
-1,1281,continuacion,1.0956611509425627,,,1.0956611509425627,1
-1,1291,reversion,0.1596852256688762,0.7843991886305773,1.0571177198297335,3.145376037785409,9
1,1294,continuacion,0.16168660752911615,0.1587068699047111,,0.16168660752911615,2
1,1298,continuacion,0.22206386886265608,,,0.22206386886265608,1
1,1304,reversion,1.3977554161263912,1.5899490021189322,2.524858394476377,2.524858394476377,5
-1,1322,continuacion,0.822042413033232,1.526707751926164,1.6512340260913048,2.3651886932450985,14
-1,1337,reversion,0.5702322098248216,0.8987408315774967,0.9110554661252027,1.9413152933192204,14
1,1341,continuacion,0.464742284067554,1.0751182203481118,,1.0751182203481118,2
1,1356,continuacion,0.640744205304172,1.1587953817045482,0.6098510600065007,1.8236775387454744,14
-1,1359,reversion,0.7020535389222781,,,0.7020535389222781,1
1,1363,continuacion,1.007567441748589,,,1.007567441748589,1
1,1368,continuacion,0.8945358448597442,1.3281664316546269,1.400166787181959,1.400166787181959,4
1,1374,continuacion,0.5412232583467347,0.8337264279886626,,0.8337264279886626,2
1,1380,reversion,0.6050079836749827,1.1380812263450195,1.3855436594415287,1.3855436594415287,4
-1,1390,reversion,0.9384705636297008,1.1124678158108532,1.5197180039640283,1.7016455383373519,8
1,1401,continuacion,0.8577625553148033,1.2099166936298122,1.4197201849240768,1.6380466915338812,10
1,1405,continuacion,0.6904155018963344,,,0.6904155018963344,1
1,1408,continuacion,0.4518822206548749,0.2046364549091569,,0.4518822206548749,2
1,1414,reversion,1.5614525061805224,1.7713865829885986,1.8978881013350852,1.8978881013350852,5
1,1417,reversion,0.7698123462358981,,,0.7698123462358981,1
-1,1418,continuacion,0.18618396169825618,,,0.18618396169825618,1
-1,1422,continuacion,0.36866515519437854,0.6508550652990754,0.9167429672169985,0.9167429672169985,3
-1,1432,reversion,0.3980952021380252,0.8085189603872933,1.4546739960947814,2.3015763110990117,9
1,1443,continuacion,0.6687159683452961,1.3856011049717152,0.5779394363238086,1.9040591154384454,9
1,1445,continuacion,0.6332892922489352,,,0.6332892922489352,1
1,1449,reversion,1.2813870622504961,1.9735775320889721,1.1582865158187579,1.9735775320889721,3
-1,1453,continuacion,0.49434626902485124,0.5753364196563836,,0.5753364196563836,2
-1,1460,continuacion,0.4788305693375776,0.9687557433699365,1.3685324296044266,1.3747324203913318,6
-1,1464,continuacion,0.20787067289724903,,,0.20787067289724903,1
-1,1473,reversion,0.41507947527216726,0.9364617592277772,1.2757637185247566,1.9972858184512587,8
1,1488,continuacion,1.2630324839836158,1.6865970899735534,1.4445360412665678,1.9597831305195594,13
-1,1491,reversion,0.2835060227062772,,,0.2835060227062772,1
1,1496,continuacion,1.0170717159369393,1.5977046779548094,1.5992383268504606,1.5992383268504606,3
1,1504,continuacion,0.26380088991792494,0.5489618848753353,0.30570364112480236,0.8881864124494191,6
1,1514,reversion,1.6159289554427057,1.9306403974922888,1.4895567500017335,2.2680935107878692,9
-1,1517,continuacion,0.3271266198458555,,,0.3271266198458555,1
-1,1524,continuacion,1.3469358141311256,1.8520313078352446,0.48407928437288356,1.8520313078352446,6
-1,1534,reversion,0.7101780830754663,1.0503348397124526,0.9556095738893381,1.568813254128143,9
1,1540,reversion,0.8864801812541746,1.2712610143371565,0.8044997300224512,1.2712610143371565,4
-1,1550,reversion,0.16606529496452072,0.828573232445946,1.2111912915420842,1.2111912915420842,9
1,1553,continuacion,0.09920829180799388,,,0.09920829180799388,1
-1,1554,reversion,0.7397102469117273,,,0.7397102469117273,1
1,1558,continuacion,0.9326823000845407,,,0.9326823000845407,1
1,1560,continuacion,0.07740845493449222,,,0.07740845493449222,1
1,1564,continuacion,1.6961650536412491,0.0021336730689417763,,1.6961650536412491,2
-1,1565,reversion,0.539986890455586,,,0.539986890455586,1
1,1570,reversion,0.8921272493064173,0.9432048914034074,0.3816181915333524,0.9796136229037132,5
-1,1580,reversion,1.7210065866022157,1.6118230371475712,1.855343334877328,1.855343334877328,7
1,1610,reversion,0.9887886429832632,2.3861828635796245,2.4216781746504976,2.73981703156927,27
-1,1619,reversion,0.9227463051590635,0.848261976221953,,0.9227463051590635,2
1,1624,reversion,1.0315016821526855,1.2286975637100075,,1.2286975637100075,2
-1,1628,continuacion,0.4018568673008067,0.3008142421109101,0.4106827789611059,0.4106827789611059,3
-1,1632,continuacion,1.4534673609348443,0.8675395166129375,,1.4534673609348443,2
1,1636,reversion,0.15062772737559268,,,0.15062772737559268,1
-1,1639,continuacion,0.24406028833740787,0.049964623497510824,,0.24406028833740787,2
1,1640,reversion,0.2500621477730987,,,0.2500621477730987,1
-1,1645,reversion,0.6496371400070418,0.23604850277985354,0.8209835330751567,0.8209835330751567,4
1,1650,reversion,0.700918966302092,2.0802005938088164,2.1116450201029617,2.1116450201029617,4
-1,1652,continuacion,0.6071130775797302,,,0.6071130775797302,1
1,1660,reversion,1.335730196023458,,,1.335730196023458,1
-1,1680,reversion,0.27787755922549134,0.25066364645210376,0.2791674197782492,1.516718732522835,13
1,1683,reversion,0.05593591012059292,0.364362398324798,,0.364362398324798,2
-1,1690,reversion,0.821013167951257,0.670769898256755,0.968472677892832,2.299679052147689,7
1,1693,reversion,0.03984593393673983,0.6666165118689149,0.8268260085652507,0.8268260085652507,3
-1,1697,continuacion,0.5427084246420362,,,0.5427084246420362,1
-1,1718,continuacion,0.48622607476456314,2.053929554470334,1.2364260041137707,2.053929554470334,12
-1,1720,continuacion,0.18660689703540273,,,0.18660689703540273,1
1,1721,reversion,0.2138719750527468,,,0.2138719750527468,1
-1,1732,continuacion,0.8747834098791685,1.0045735771050244,0.6055887604998984,2.017841477530386,10
1,1733,reversion,0.05686886308992435,,,0.05686886308992435,1
-1,1736,continuacion,0.7760489035454398,0.779574598616204,0.5816378785983884,0.779574598616204,3
-1,1743,continuacion,0.3433029277688198,0.7833391768327248,1.081363864897944,1.3436403975532338,6
-1,1751,reversion,0.3875127141948638,1.5194523993368525,1.8779485901789796,2.370918213605891,6
1,1753,continuacion,0.4313245678380408,,,0.4313245678380408,1
-1,1754,reversion,0.4288629232199219,,,0.4288629232199219,1
1,1758,reversion,0.4159898602882875,0.7738490638919288,1.1524437872483242,1.1524437872483242,3
-1,1762,reversion,0.29002718473409506,0.5612171665540349,,0.5612171665540349,2
1,1763,continuacion,0.015146626986110606,,,0.015146626986110606,1
-1,1765,reversion,0.3647046344999269,,,0.3647046344999269,1
1,1768,continuacion,0.4148272159817858,0.8196270775432773,,0.8196270775432773,2
-1,1769,reversion,0.35247211041992693,,,0.35247211041992693,1
1,1770,continuacion,0.18550052601589317,,,0.18550052601589317,1
1,1773,reversion,0.8288646557114591,0.4605431425003838,,0.8288646557114591,2
-1,1775,continuacion,0.0185225682016593,0.4441197048636468,,0.4441197048636468,2
1,1776,reversion,0.06708579309721847,,,0.06708579309721847,1
-1,1777,continuacion,0.6586281107308195,,,0.6586281107308195,1
-1,1780,reversion,0.7723718850697605,0.38176788018065194,,0.7723718850697605,2
1,1783,reversion,0.1600199175627277,0.3316977609552832,,0.3316977609552832,2
-1,1787,reversion,0.3554769536029972,0.6751609005488398,,0.6751609005488398,2
1,1799,reversion,0.785832443844616,0.569131604140845,0.5731450595120421,1.8554005469935346,11
-1,1800,continuacion,0.12224718870989319,,,0.12224718870989319,1
-1,1802,continuacion,1.1764089312976997,,,1.1764089312976997,1
1,1804,reversion,0.4929509969644346,,,0.4929509969644346,1
-1,1812,reversion,0.5765863703266845,1.753630105221209,1.8840660110414207,1.8840660110414207,5
1,1819,continuacion,0.12877368843075476,0.2550336943923254,0.9094085165246768,0.9094085165246768,7
1,1822,continuacion,0.5843893485373088,,,0.5843893485373088,1
1,1831,continuacion,0.5038587684448811,0.8078103255018577,0.6799229498295414,1.747254514812307,7
1,1835,continuacion,1.044384602113533,0.9211901132306219,,1.044384602113533,2
1,1844,continuacion,2.0096307200824164,1.3028635360825531,1.3115659229544563,2.0096307200824164,8
1,1846,continuacion,0.9578156124392462,,,0.9578156124392462,1
1,1854,reversion,0.5116116675927033,0.6909629403917713,0.19622440258252827,0.6909629403917713,6
-1,1858,reversion,0.6283218184693057,0.2238214589579076,0.35275077396259724,0.6283218184693057,4
1,1866,continuacion,0.7417557180339626,0.9032318436741825,1.4373974739211317,2.056031813222685,8
1,1876,reversion,2.323945814650414,2.487085284282441,0.8290256058844252,2.487085284282441,3
1,1879,reversion,0.1692729061725457,,,0.1692729061725457,1
-1,1887,reversion,1.3767412658829838,1.5364717643521326,2.127247436746072,2.2992045132603547,5
-1,1889,reversion,0.6742000272800939,,,0.6742000272800939,1
1,1891,continuacion,0.9774531706528751,,,0.9774531706528751,1
-1,1892,reversion,0.3633835594698742,,,0.3633835594698742,1
1,1893,continuacion,0.3739524792713925,,,0.3739524792713925,1
1,1901,reversion,0.13798222035943916,0.6673840764966263,1.6822664067269788,1.6822664067269788,7
-1,1908,reversion,0.3695466966105719,0.605005292316938,0.6814418463187393,1.1588402925966208,6
1,1911,reversion,1.0937467608947642,0.7569627097483312,,1.0937467608947642,2
-1,1920,reversion,0.3262818709927136,1.1429186835586387,0.9214000911563369,1.6965732276700962,8
1,1922,continuacion,0.697871792548722,,,0.697871792548722,1
1,1924,continuacion,0.3775169666401994,,,0.3775169666401994,1
-1,1926,reversion,1.0172268563246187,,,1.0172268563246187,1
1,1929,continuacion,0.48047023436326813,0.3464994046890998,,0.48047023436326813,2
-1,1930,reversion,0.05097899729582345,,,0.05097899729582345,1
1,1932,continuacion,0.5966411553686315,,,0.5966411553686315,1
1,1935,reversion,1.0158465815894537,0.9945837572719031,,1.0158465815894537,2
-1,1940,reversion,0.920503863827472,1.3140887099218779,1.027865489056898,1.4195628745762365,5
1,1942,continuacion,0.272892783644249,0.5807779009599425,,0.5807779009599425,2
-1,1943,reversion,0.5686522875248633,,,0.5686522875248633,1
1,1944,continuacion,0.042798023092085996,,,0.042798023092085996,1
1,1952,continuacion,0.5146023199965132,2.261930432860543,2.6269901716807555,3.2595100956576744,7
1,1966,reversion,1.194342501922491,1.3981303415685864,1.9630089024786053,3.5822027011591353,13
1,1969,reversion,1.1066810402878762,,,1.1066810402878762,1
-1,1972,reversion,0.03856846408194711,0.07720317752228707,,0.07720317752228707,2
1,1976,continuacion,0.455426130101246,0.44520076450301244,0.18614851008807498,0.5996165586318927,4
1,1981,continuacion,0.586911333712459,0.6726347806089619,0.9131271765246382,0.9131271765246382,3
1,1983,continuacion,0.320664898189981,,,0.320664898189981,1
-1,1984,reversion,0.29157290411601133,,,0.29157290411601133,1
1,1987,continuacion,0.7721739022670534,0.1212907042447877,0.05429498404098917,0.7721739022670534,3
1,2000,continuacion,0.6957565084904882,1.2215857299061879,1.3032213815121292,2.854516755206028,11
-1,2004,reversion,0.16370165169086365,,,0.16370165169086365,1
1,2008,reversion,0.9931477627996779,1.3387262377549618,0.87812541229997,1.3387262377549618,3
1,2012,reversion,1.0315652854914144,,,1.0315652854914144,1
-1,2017,reversion,0.81197704826706,1.1741629346837315,0.8490217616510279,1.1741629346837315,3
-1,2019,reversion,0.719012369621269,,,0.719012369621269,1
-1,2023,reversion,0.2992973941507649,,,0.2992973941507649,1
1,2026,reversion,1.148114746248317,0.9365773510219686,,1.148114746248317,2
-1,2031,continuacion,0.7551852154753566,1.8761797963289988,0.5443773326025898,1.8761797963289988,4
-1,2040,reversion,0.20041280932108713,0.7340656938328454,,0.7340656938328454,2
-1,2042,reversion,0.17212198893935873,,,0.17212198893935873,1
-1,2044,reversion,0.1536665922565938,,,0.1536665922565938,1
-1,2046,reversion,0.40446901263726565,,,0.40446901263726565,1
1,2049,continuacion,0.5242505537614502,,,0.5242505537614502,1
-1,2051,reversion,0.2755189322681024,,,0.2755189322681024,1
1,2055,reversion,0.632780944425773,0.7494199468081354,1.1538728753992955,1.1538728753992955,3
-1,2057,continuacion,0.3416881924472524,,,0.3416881924472524,1
-1,2062,continuacion,0.6518928506835848,1.5152865336589245,1.5960522775893566,1.5960522775893566,4
-1,2064,continuacion,0.21638907057684023,,,0.21638907057684023,1
-1,2068,continuacion,0.5874197835977287,,,0.5874197835977287,1
-1,2072,reversion,0.9079245901314766,0.4951604205147219,0.8916652101589548,0.9079245901314766,3
1,2077,continuacion,0.6867296117139116,0.5699753023240605,,0.6867296117139116,2
-1,2079,reversion,0.5891146804793516,,,0.5891146804793516,1
1,2102,continuacion,0.2108314740436248,0.8599381635242944,0.6845514998632286,3.4531951392740536,19
1,2107,continuacion,0.4217247622371297,0.7079235148430066,0.16128426951194286,0.7079235148430066,3
1,2114,reversion,1.2511031673549569,0.4548006753196157,0.48330891103666995,1.2511031673549569,4
-1,2119,reversion,0.04454618069489927,0.5534872847107514,,0.5534872847107514,2
1,2121,continuacion,0.486074984061813,,,0.486074984061813,1
1,2133,continuacion,0.6584908628572274,0.8288091772091967,1.3876447831303313,3.450064401139737,10
-1,2135,reversion,0.7763921734626272,,,0.7763921734626272,1
1,2140,reversion,1.0210657872057582,1.1964557910813376,1.3796926899133104,1.3796926899133104,4
-1,2149,reversion,1.1030388768662895,1.4183844834438764,1.7338175317727758,2.711021139427886,6
1,2155,continuacion,0.44029080689283306,0.5921556262386006,1.274033193817496,2.03789239290469,5
1,2167,continuacion,0.40424136333267685,0.6500334127736428,1.4456952840153945,1.713710765729473,9
1,2174,continuacion,0.006757789974224059,0.29545798998242684,0.5996332050125648,0.5996332050125648,3
-1,2178,reversion,0.23313288793289944,,,0.23313288793289944,1
1,2191,continuacion,0.7194281286485464,0.622310292313718,0.3212911022317568,1.1933677867869803,5
-1,2195,reversion,0.46522460953409717,,,0.46522460953409717,1
1,2198,continuacion,0.4443684824362528,,,0.4443684824362528,1
-1,2201,reversion,0.05254771948404631,,,0.05254771948404631,1
-1,2203,reversion,0.3819438595474589,,,0.3819438595474589,1
1,2207,continuacion,0.4217340460264485,0.6104317411142405,0.09509041850030683,0.6104317411142405,3
1,2209,continuacion,0.3484068539221263,,,0.3484068539221263,1
1,2219,continuacion,1.354604596443852,0.8058515412638463,0.8552151524836945,1.354604596443852,7
1,2227,continuacion,0.8550383235056194,0.369095509109724,0.49182080784073284,1.4412932615517393,6
1,2229,continuacion,0.5890591121978497,,,0.5890591121978497,1
1,2247,reversion,1.1524947361697102,0.9436508679257105,2.827369352902657,3.3382978090238127,16
-1,2251,continuacion,0.6887432118094781,0.3083282734057428,0.9701327260721997,0.9701327260721997,3
-1,2258,reversion,0.8982715404848823,0.6457622168374298,0.5955448297524701,0.8982715404848823,4
1,2263,reversion,0.4424478700432365,0.5238038930144501,,0.5238038930144501,2
-1,2267,reversion,0.18039149261817272,0.5013932874281034,0.5019667647458572,0.5019667647458572,3
1,2269,continuacion,0.3585075474744908,,,0.3585075474744908,1
1,2273,reversion,0.40946809891218783,0.3438692929873755,,0.40946809891218783,2
-1,2274,continuacion,0.27990582947209114,,,0.27990582947209114,1
1,2275,reversion,0.14568982149875964,,,0.14568982149875964,1
-1,2281,continuacion,0.7587074562225447,1.4895287278690525,1.4026000407212722,1.9975679710763894,5
-1,2289,reversion,0.24705359104396857,0.4829807142543866,,0.4829807142543866,2
1,2291,reversion,0.7216267088152137,0.7415794333122103,,0.7415794333122103,2
-1,2295,continuacion,0.026893107216789204,,,0.026893107216789204,1
1,2298,reversion,0.7544647573496681,,,0.7544647573496681,1
-1,2305,continuacion,0.5828235701949678,1.2870448020679017,1.1110213232669883,1.2870448020679017,3
1,2310,reversion,1.5825335233218485,,,1.5825335233218485,1
-1,2314,continuacion,0.4582671582865438,0.9584170266676314,0.690238855562096,0.9584170266676314,3
-1,2326,reversion,0.23705266538406172,1.8129695130911443,2.0195402958865616,2.034132261969038,9
1,2329,continuacion,0.3608620158270328,0.4783502130354893,,0.4783502130354893,2
1,2331,continuacion,1.1480497968484658,,,1.1480497968484658,1
-1,2335,reversion,0.32120163680087777,,,0.32120163680087777,1
1,2340,continuacion,0.6469066346239745,1.1109644102355822,1.3759858447643527,1.3759858447643527,4
1,2349,reversion,2.1958327918131397,2.2954496500076185,0.668300966497876,2.2954496500076185,7
1,2351,reversion,0.24177465013520663,,,0.24177465013520663,1
-1,2358,continuacion,0.5940748322735032,1.1715839985410714,0.6454155102524805,1.2232279371404042,6
1,2360,reversion,0.24928158077304777,,,0.24928158077304777,1
-1,2361,continuacion,0.11104864933605997,,,0.11104864933605997,1
-1,2364,continuacion,0.4360605316963317,0.2534187618975627,,0.4360605316963317,2
-1,2371,continuacion,0.7316528763790436,1.8006318146054499,0.5474792886375477,1.8006318146054499,3
1,2374,reversion,0.334900605798213,,,0.334900605798213,1
-1,2376,continuacion,0.32970333821168507,,,0.32970333821168507,1
-1,2380,continuacion,0.9642881569830158,1.3028293141752885,1.6950131595928832,1.6950131595928832,3
-1,2392,reversion,0.1763975292922161,1.7643675237275684,1.43210409397554,2.0632500558100895,8
1,2398,continuacion,0.08953058096361491,0.2802187523904973,0.2621334526713236,0.2802187523904973,3
1,2401,reversion,0.32578358253311884,0.544568601073509,,0.544568601073509,2
-1,2402,continuacion,0.24675039011876587,,,0.24675039011876587,1
-1,2408,reversion,0.15441001639230637,1.732758961979376,0.7758913244330082,1.732758961979376,3
1,2413,continuacion,1.196115964792592,0.6443672265176066,0.8444743013971915,1.196115964792592,4
1,2424,continuacion,0.3630524619654762,0.6836939890568983,1.4214523485969839,1.4727162956628321,6
1,2426,continuacion,0.28137180315114474,,,0.28137180315114474,1
1,2430,continuacion,0.9052394961867248,,,0.9052394961867248,1
1,2437,continuacion,0.6091172844630126,1.5051114189214772,1.880788210071441,1.9720981253804415,6
1,2448,continuacion,1.0130543292610938,1.6338069449415011,1.7283167342493158,2.1422263737399785,10
1,2451,reversion,0.9490334126834206,0.8881298041102514,,0.9490334126834206,2
-1,2472,reversion,0.325895054089768,0.6374641061547641,1.1372316640739268,2.9810776703617856,14
1,2482,reversion,0.24822323495576512,1.092003985825958,1.0954034379399369,1.0954034379399369,9
1,2484,reversion,0.050265142480178514,,,0.050265142480178514,1
-1,2490,continuacion,0.2705089253779008,0.313983574099333,0.42821348747105414,0.42821348747105414,6
-1,2501,reversion,0.7825860115556506,0.8651247624092864,2.1270696942500957,2.8552916258424808,4
1,2505,continuacion,0.3242497784008373,0.5645428354436063,0.7832696517737202,0.7832696517737202,3
1,2507,continuacion,0.2060165724976732,,,0.2060165724976732,1
1,2509,continuacion,1.0297403028914585,,,1.0297403028914585,1
1,2517,reversion,1.2743817982638732,0.2796865546531049,0.5969201759335409,1.2743817982638732,6
-1,2522,continuacion,0.3791579479049084,0.6071571541713033,0.28293454380939587,0.7156957714610207,4
-1,2528,continuacion,0.0658098881307351,0.8663923160751752,1.7262182877764385,1.7262182877764385,3
-1,2534,reversion,1.5944114685443245,1.2345975350304994,0.770153497350622,1.5944114685443245,5
1,2545,continuacion,1.400883298467176,,,1.400883298467176,1
1,2555,continuacion,0.6410404001063179,0.5693124721014354,0.3925130286505163,1.235016564171142,7
-1,2559,reversion,1.2227780513410746,,,1.2227780513410746,1
1,2571,reversion,0.04096580786818815,0.6206232311187596,1.2357930902485421,2.0242138146032973,11
-1,2576,continuacion,1.4115739177911433,1.6098454789200634,1.9905259717359653,2.450732901534881,5
-1,2581,reversion,0.45213076319889456,0.3087464473293325,1.4917463150277575,1.4917463150277575,4
1,2586,continuacion,0.16751963494043076,,,0.16751963494043076,1
1,2592,continuacion,0.029450709716086446,0.361155274555321,0.9928614841359162,0.9928614841359162,3
1,2596,reversion,0.6622540962986212,0.6836263689542996,0.9961025597886881,0.9961025597886881,3
1,2599,reversion,1.201617967941369,,,1.201617967941369,1
1,2602,reversion,0.7990854470991069,,,0.7990854470991069,1
-1,2605,reversion,0.29706734982340466,0.43566956661596506,0.9877616527562604,0.9877616527562604,3
1,2609,continuacion,0.18760276990051525,0.5039806066552514,0.9664067286727952,0.9664067286727952,3
1,2615,reversion,1.2942665171200027,0.8587885398474009,0.4086665799037516,1.2942665171200027,4
-1,2620,reversion,0.5943859261338514,1.0393899576000356,1.8708332857425063,1.8708332857425063,5
-1,2622,reversion,0.33058216114496886,,,0.33058216114496886,1
1,2626,continuacion,1.0642023954069773,0.7723034180827729,,1.0642023954069773,2
1,2636,continuacion,1.5930958417338212,1.4957470565187314,1.6802665073953336,2.187818881917089,8
1,2646,reversion,0.8141009841407943,0.6630648852591446,2.6573298290805156,2.6573298290805156,9
-1,2655,reversion,0.02441668872785148,0.5716119277037588,0.4214851089033574,1.2528330918143458,7
1,2657,reversion,0.34714863644405625,0.6870764402706363,,0.6870764402706363,2
-1,2659,reversion,0.9053727469945583,0.14778440004465915,,0.9053727469945583,2
1,2672,reversion,0.9367106575702968,0.6859382615695248,1.245404225745851,1.245404225745851,5
-1,2675,continuacion,0.43878266690164924,0.2215070350338661,,0.43878266690164924,2
-1,2680,continuacion,1.1555413002025843,1.5486437736303476,1.2585203195715824,1.8693879625431298,4
-1,2684,continuacion,1.0352331008902125,1.1353947852417061,1.6140335983789211,1.6140335983789211,3
-1,2694,reversion,0.7752201793998484,0.8428707522319094,1.2310459823752773,1.823622553076849,8
1,2699,reversion,0.09418604004081138,1.0087300946204607,0.441326808550877,1.0087300946204607,4
-1,2712,continuacion,1.2750716805447717,,,1.2750716805447717,1
-1,2719,continuacion,0.270883220305053,,,0.270883220305053,1
-1,2721,continuacion,0.4979083110369956,,,0.4979083110369956,1
-1,2737,continuacion,0.31464819552143936,1.163770043469374,0.8379486811535075,2.551075316484388,15
-1,2741,reversion,0.025436466260121755,0.10928217432797074,,0.10928217432797074,2
1,2753,reversion,0.8859136980500778,0.6069977241445658,1.0481361071293829,1.684892562179171,12
-1,2761,continuacion,0.5040511698435295,0.6673589190733852,1.6063826014202385,1.6063826014202385,7
-1,2770,continuacion,0.24958180988864764,1.226081237675003,0.9653904832449558,2.043397355320741,7
1,2773,reversion,0.5625704828022686,,,0.5625704828022686,1
-1,2784,reversion,1.6656225285333202,2.243717207906788,1.567348190588636,2.243717207906788,10
1,2787,continuacion,0.24814075090899465,,,0.24814075090899465,1
1,2792,reversion,0.4530114536860578,1.0995883824098183,1.3276895283347074,2.132856321932478,4
-1,2801,reversion,1.0408994897166637,1.451559696207625,0.7763364062534633,1.451559696207625,8
1,2806,continuacion,0.2865253932484514,,,0.2865253932484514,1
-1,2808,reversion,0.724001740358594,,,0.724001740358594,1
-1,2811,reversion,0.8117822048564347,,,0.8117822048564347,1
1,2822,continuacion,0.3779899861814513,0.9319056423140969,1.787664878080984,2.72179732729026,10
-1,2824,reversion,0.22649557608306478,,,0.22649557608306478,1
1,2826,continuacion,0.490931082557911,,,0.490931082557911,1
-1,2827,reversion,0.22901806089565444,,,0.22901806089565444,1
1,2831,continuacion,1.537474494727469,2.1927370913046036,0.052820036434989975,2.1927370913046036,3
1,2833,continuacion,0.16564881642544965,,,0.16564881642544965,1
1,2836,continuacion,0.9728464379104539,0.738566918683682,,0.9728464379104539,2
1,2839,continuacion,0.8168610994308414,,,0.8168610994308414,1
1,2844,continuacion,0.864358771510748,,,0.864358771510748,1
1,2868,reversion,0.5109368307658676,0.6255786566522353,1.5204244764070516,2.4050540746090516,22
-1,2889,reversion,0.11613224570220888,0.857189568649928,1.504202503944091,1.6439530996385967,16
1,2893,continuacion,0.6102646058283304,0.727676419731779,,0.727676419731779,2
-1,2895,reversion,0.9998859213882731,,,0.9998859213882731,1
1,2910,continuacion,0.3959706953800063,0.7047874802502317,0.12680231376724613,2.9802530726603162,14
1,2912,continuacion,0.25702176521263376,,,0.25702176521263376,1
1,2916,continuacion,0.7643840113740832,1.2639137892147687,1.5960447964913966,1.5960447964913966,3
1,2920,reversion,1.329835236578487,0.5325108989428092,,1.329835236578487,2
-1,2927,reversion,0.2884090850461253,0.6997842417355138,,0.6997842417355138,2
-1,2931,reversion,0.10524913800443016,,,0.10524913800443016,1
1,2935,continuacion,1.4272586087890253,1.0877033720018563,,1.4272586087890253,2
1,2939,reversion,0.3686099782844137,0.6783170629682362,0.42934027157745047,0.6783170629682362,3
-1,2952,continuacion,0.42266572514686157,1.3585037136942606,1.6665134034938776,1.9096284399820334,12
-1,2956,continuacion,0.2642134322556141,,,0.2642134322556141,1
-1,2974,reversion,0.09335858214349382,0.7777050944326427,0.8063021369360757,1.4285341316426527,8
-1,2977,reversion,0.5990770816944718,,,0.5990770816944718,1
1,2989,reversion,0.05741249069349641,0.3287815704570639,0.6428586407603235,1.5812802712852692,10
1,2991,reversion,0.5108704876356617,,,0.5108704876356617,1
-1,2992,continuacion,0.8946868904594222,,,0.8946868904594222,1
-1,3010,reversion,0.3435797471362524,0.6289445526498638,1.255520985260813,1.6478463460253232,14
1,3018,reversion,0.9708779048253722,1.0919418323193841,1.782090540581599,1.782090540581599,8
-1,3021,continuacion,0.5319902337654608,0.5848829929918313,,0.5848829929918313,2
-1,3026,reversion,0.6111963112555497,0.8247401871121944,,0.8247401871121944,2
1,3030,reversion,1.6671993461073757,0.8649887350262867,0.9761962982561001,1.6671993461073757,4
-1,3042,reversion,1.014117083960894,2.2638643106057073,2.645620835219876,3.1845932416976583,12
1,3062,reversion,0.7452193020428671,0.5154863413176751,0.20850380521751594,2.999067027249738,19
-1,3068,reversion,0.8382220960713537,1.791925189269588,0.4176632662008123,1.791925189269588,5
1,3069,continuacion,0.09924331371499547,,,0.09924331371499547,1
1,3072,continuacion,0.8486049789953242,,,0.8486049789953242,1
1,3081,reversion,2.5676426067014466,1.4580350212412485,2.3618727491090072,2.5676426067014466,8
-1,3088,reversion,1.165588215060786,1.4152874137002274,,1.4152874137002274,2
1,3101,reversion,0.40211869950381224,0.40274431987525156,0.992372692513213,1.5823491073964941,12
-1,3108,continuacion,0.9584828899177241,0.7759140855995296,0.7104157561411631,0.9584828899177241,7
-1,3112,reversion,0.32788267017610984,1.1585817996215837,,1.1585817996215837,2
-1,3114,reversion,0.2385971544966198,,,0.2385971544966198,1
1,3121,reversion,1.1275398960315723,0.4745070174247635,0.23404663345845925,1.1275398960315723,3
-1,3129,continuacion,0.5776813459485267,,,0.5776813459485267,1
-1,3133,reversion,0.046135608696487876,0.5726071712895556,1.3554787955241212,1.3554787955241212,3
1,3136,continuacion,0.1400402438125731,0.3244608871513267,0.675608712935538,0.675608712935538,3
1,3139,continuacion,0.5381785039466885,0.32349591132881506,,0.5381785039466885,2
1,3141,continuacion,0.9395367373331154,,,0.9395367373331154,1
1,3152,continuacion,0.4076969393395194,0.7776218966256373,1.5716873937762232,3.085733043480748,10
1,3154,continuacion,0.20165192953869446,,,0.20165192953869446,1
1,3156,continuacion,1.089222828882725,,,1.089222828882725,1
1,3176,reversion,1.1249101971175774,0.8892158869916903,0.7621352815426538,2.7101284448342784,19
-1,3180,reversion,0.3687527822647622,0.608320297523881,0.6374197704782187,0.6374197704782187,3
-1,3183,reversion,1.224511435025475,,,1.224511435025475,1
-1,3186,reversion,0.5132709995656086,,,0.5132709995656086,1
-1,3189,reversion,0.08435274182978061,,,0.08435274182978061,1
1,3198,reversion,1.2729919672916998,1.9597659006225903,1.6738777156713505,1.9597659006225903,8
-1,3204,continuacion,0.5007300781823012,0.7198581835497362,0.35499667255719336,1.380406496739081,5
-1,3206,continuacion,0.09744173085705546,,,0.09744173085705546,1
1,3209,reversion,0.66015871049709,,,0.66015871049709,1
-1,3212,reversion,0.7044730641350775,0.8386434103752327,,0.8386434103752327,2
-1,3214,reversion,0.7673841853924966,,,0.7673841853924966,1
-1,3216,reversion,0.35088510275987567,,,0.35088510275987567,1
-1,3222,reversion,0.76531279486368,,,0.76531279486368,1
1,3237,reversion,1.271762345658096,1.6501802002715191,2.2948293783218823,2.2948293783218823,11
-1,3240,continuacion,0.16673141017181525,0.6770102024904859,,0.6770102024904859,2
1,3241,reversion,0.14013041472834228,,,0.14013041472834228,1
-1,3244,reversion,0.5229742726775176,0.5158528411837955,1.6709833375714,1.6709833375714,3
1,3248,continuacion,0.4790944499592124,0.9762626319320783,0.9210828933637583,0.9762626319320783,3
-1,3251,reversion,0.348555162802724,,,0.348555162802724,1
1,3256,continuacion,0.2227453438219215,1.1463646977582584,1.2418068564915785,1.2418068564915785,4
1,3261,continuacion,0.9987579636746684,1.2805972790788795,1.289496581368514,1.4745426160539536,4
1,3267,continuacion,0.831705523491557,0.14956888431431611,0.697201497785133,0.8994791777901168,5
-1,3270,reversion,0.15760981806245336,,,0.15760981806245336,1
1,3274,continuacion,0.4135409844962233,,,0.4135409844962233,1
1,3287,reversion,0.8375413340754113,2.207030292189566,2.195899423741061,2.3384712161466927,12
1,3290,reversion,0.37388252872885636,,,0.37388252872885636,1
-1,3296,reversion,0.33940206791489563,1.0231043118144096,,1.0231043118144096,2
1,3310,reversion,2.1676063056213315,1.7986148736866827,1.1247171046954263,2.2580580567125748,14
-1,3313,continuacion,0.1192388094892481,,,0.1192388094892481,1
1,3314,reversion,0.053938041871729916,,,0.053938041871729916,1
-1,3323,reversion,0.3684551401679001,2.1523288007623336,2.4280391999028366,2.757118533572191,8
1,3327,continuacion,2.1350446781656243,1.3377728428083733,0.7717077031033697,2.1350446781656243,3
-1,3329,reversion,0.6256252045160496,,,0.6256252045160496,1
1,3340,reversion,0.3786610865180016,1.928652567405455,1.3186744827092598,1.928652567405455,3
-1,3348,reversion,0.37710872890024283,0.6723723888875884,0.34951821467540134,1.4740735787251924,7
-1,3350,reversion,0.4236223073375834,,,0.4236223073375834,1
1,3354,continuacion,0.32974276371590727,0.852316032162196,,0.852316032162196,2
1,3368,continuacion,1.3049809266289376,1.1403219169181813,1.5620781602478675,1.8801558539615788,13
1,3373,continuacion,1.283297522552063,1.9771424060853469,0.7022687840813677,1.9771424060853469,3
1,3380,continuacion,1.4371941769703214,1.9269166676010567,1.0870160653056113,1.9269166676010567,6
1,3382,continuacion,1.233330090024255,,,1.233330090024255,1
1,3388,reversion,0.7713128580004102,0.6686013973007107,0.8721549310945667,0.8721549310945667,4
-1,3393,reversion,0.10117118007048174,1.5155807080193318,,1.5155807080193318,2
1,3415,continuacion,1.7761978216303826,1.6683084966322799,2.2725876480125424,2.2725876480125424,15
-1,3419,reversion,1.2221460345540294,,,1.2221460345540294,1
1,3428,reversion,1.876822113683091,2.590412479112572,1.803903310502654,2.590412479112572,8
1,3430,reversion,0.6295738096097674,,,0.6295738096097674,1
1,3433,reversion,0.27519093890439555,,,0.27519093890439555,1
-1,3436,reversion,0.5762807117020754,1.0072580627722034,,1.0072580627722034,2
1,3439,reversion,0.8215848472856324,1.4092396007125845,,1.4092396007125845,2
-1,3446,reversion,0.8206121516874947,0.49073742064499953,1.169316753312747,1.169316753312747,4
1,3453,continuacion,0.06174861742910405,0.15163054699345155,1.1197636680845162,1.1197636680845162,5
1,3459,continuacion,0.2782191426257971,0.7009394201610891,0.49552232251912803,0.7009394201610891,3
1,3467,reversion,0.30652262439681377,0.5300446341372107,1.2402529844314478,1.2402529844314478,4
-1,3475,reversion,0.6439590885960054,1.200627218624041,0.35169292813988234,1.200627218624041,5
-1,3482,reversion,0.28333135469767856,,,0.28333135469767856,1
1,3485,continuacion,0.4168063729445039,0.609042101274824,,0.609042101274824,2
1,3492,reversion,0.47115302097546036,1.7335311635977062,,1.7335311635977062,2
-1,3498,reversion,0.9095537317262441,1.0703462270730784,0.6743425030265828,1.1722123772984316,6
1,3504,reversion,1.3916936686316213,0.8902261346593683,0.6128225719594467,1.3916936686316213,5
-1,3510,reversion,0.505868635200824,0.4969967600512658,0.6083421962855786,0.6083421962855786,5
1,3531,continuacion,1.1303007034872465,1.577847612296922,1.720608631152687,3.388357671643397,18
1,3554,reversion,2.2842468756286376,1.1519001145936765,2.9480084295067326,2.9480084295067326,22
-1,3562,continuacion,0.4495107886371406,0.7671682041101265,1.0854936911992892,1.0854936911992892,4
-1,3566,reversion,0.2743392420104,0.7108124389911923,0.27658754988942585,0.7108124389911923,3
1,3572,continuacion,1.2104814649227296,1.723489066505127,0.9092368450990144,1.723489066505127,4
-1,3575,reversion,0.27718867390640906,,,0.27718867390640906,1
1,3585,continuacion,0.503359865090826,0.42658134072952103,1.3278133779913919,1.3278133779913919,6
1,3587,continuacion,0.473561331066792,,,0.473561331066792,1
1,3601,reversion,1.9917973699810319,1.692661216136433,2.0932867659389944,2.0932867659389944,11
-1,3602,continuacion,1.0363627421686432,,,1.0363627421686432,1
-1,3605,reversion,0.7473984206128961,0.7424605982180348,,0.7473984206128961,2
1,3623,continuacion,2.6182792568448425,4.227535105057255,2.9697849008476616,4.227535105057255,18
-1,3625,reversion,1.5439365565912322,,,1.5439365565912322,1
1,3632,continuacion,0.5515433896412582,0.3005654643730143,0.5976824121058675,0.5976824121058675,3
1,3644,reversion,0.9566821902239475,0.7507153316482225,0.5320965100223514,1.1286412133623576,8
1,3651,reversion,0.13821026951867718,,,0.13821026951867718,1
-1,3663,reversion,0.659698843591227,1.5817860065613816,0.8340226706142817,2.68287389730882,12
1,3666,continuacion,1.0164663198451882,,,1.0164663198451882,1
1,3672,continuacion,0.42163912514929464,0.7115390514791394,0.5764645017511981,0.7115390514791394,3
1,3676,reversion,0.2607103452001905,0.42565657453445654,0.7005461581610095,0.7005461581610095,3
-1,3689,reversion,0.6111811809454907,1.1259278256619965,0.25152300558625096,1.2939109645918727,11
1,3695,reversion,0.2638026798064359,0.07940787660632935,0.5908521272012259,0.7112334396862124,6
-1,3702,continuacion,0.6892270073277244,0.5636872982855741,0.7880236349252454,1.2951898592448907,6
-1,3705,continuacion,0.36824970355034553,1.2398557753950663,,1.2398557753950663,2
-1,3709,continuacion,0.8187991233651595,,,0.8187991233651595,1
-1,3716,continuacion,0.6406822700112593,2.148050650914505,2.679989647634627,2.679989647634627,5
1,3718,reversion,0.3617695074893558,,,0.3617695074893558,1
-1,3727,continuacion,0.8442552170767329,1.0584459815894771,0.696467237583855,2.011705318300715,7
1,3730,reversion,0.49828915144090624,,,0.49828915144090624,1
-1,3735,continuacion,1.0334808247143599,,,1.0334808247143599,1
-1,3740,reversion,0.38648989290024505,0.42637658157309327,0.8370079853431716,0.8370079853431716,4
1,3742,continuacion,1.0310290573437062,,,1.0310290573437062,1
1,3745,reversion,0.11940033660474618,0.05264967289415125,,0.11940033660474618,2
-1,3747,reversion,0.2995818642759968,0.3321409935806813,,0.3321409935806813,2
