entrada_t,salida_t,direccion,resultado_%,motivo_salida
2026-06-02 10:15:00-04:00,2026-06-02 14:35:00-04:00,CORTO,-0.051431406882391506,vwap
2026-06-03 11:35:00-04:00,2026-06-03 14:25:00-04:00,LARGO,0.08340569314559053,vwap
2026-06-04 10:20:00-04:00,2026-06-04 15:55:00-04:00,CORTO,-0.38054511456939416,cierre_sesion
2026-06-05 11:05:00-04:00,2026-06-05 15:55:00-04:00,LARGO,-1.5395255063192776,cierre_sesion
2026-06-08 10:50:00-04:00,2026-06-08 11:30:00-04:00,CORTO,0.2620596747011729,vwap
2026-06-08 15:10:00-04:00,2026-06-08 15:55:00-04:00,LARGO,0.006753612129817635,cierre_sesion
2026-06-09 10:15:00-04:00,2026-06-09 14:05:00-04:00,LARGO,-0.882285076041598,vwap
2026-06-10 10:15:00-04:00,2026-06-10 10:50:00-04:00,CORTO,0.26879631122635583,vwap
2026-06-10 15:15:00-04:00,2026-06-10 15:55:00-04:00,LARGO,-0.14865825320041604,cierre_sesion
2026-06-11 13:25:00-04:00,2026-06-11 15:55:00-04:00,CORTO,-0.69895633985046,cierre_sesion
2026-06-12 10:55:00-04:00,2026-06-12 11:45:00-04:00,CORTO,0.3798705991518747,vwap
2026-06-15 10:50:00-04:00,2026-06-15 15:25:00-04:00,CORTO,-0.05836118017332518,vwap
2026-06-16 10:15:00-04:00,2026-06-16 12:10:00-04:00,LARGO,-0.04376191188556042,vwap
2026-06-16 13:00:00-04:00,2026-06-16 15:55:00-04:00,LARGO,-0.27909317390188837,cierre_sesion
2026-06-17 10:20:00-04:00,2026-06-17 10:30:00-04:00,CORTO,0.1821511362657021,vwap
2026-06-17 10:55:00-04:00,2026-06-17 11:30:00-04:00,LARGO,0.19799392125498436,vwap
2026-06-17 14:00:00-04:00,2026-06-17 14:40:00-04:00,LARGO,0.6414936825359433,vwap
2026-06-17 14:55:00-04:00,2026-06-17 15:55:00-04:00,LARGO,-0.6796256466781166,cierre_sesion
2026-06-18 10:45:00-04:00,2026-06-18 11:20:00-04:00,CORTO,0.2061383510876306,vwap
2026-06-18 12:35:00-04:00,2026-06-18 15:10:00-04:00,CORTO,0.21816299666065042,vwap
2026-06-22 10:25:00-04:00,2026-06-22 15:55:00-04:00,LARGO,-0.2853283753664922,cierre_sesion
2026-06-23 10:15:00-04:00,2026-06-23 11:05:00-04:00,CORTO,0.430228727001578,vwap
2026-06-24 10:15:00-04:00,2026-06-24 10:20:00-04:00,LARGO,0.18914851937754906,vwap
2026-06-24 10:45:00-04:00,2026-06-24 12:35:00-04:00,CORTO,0.24108684260062294,vwap
2026-06-24 13:15:00-04:00,2026-06-24 15:55:00-04:00,LARGO,-0.10084083657970573,cierre_sesion
2026-06-26 10:20:00-04:00,2026-06-26 14:25:00-04:00,CORTO,0.08453133913269248,vwap
2026-06-30 10:20:00-04:00,2026-06-30 15:55:00-04:00,CORTO,-0.2928916715752557,cierre_sesion
2026-07-01 10:15:00-04:00,2026-07-01 14:50:00-04:00,CORTO,0.036142947564445936,vwap
2026-07-02 11:05:00-04:00,2026-07-02 15:55:00-04:00,LARGO,-0.07009487947897887,cierre_sesion
2026-07-06 10:55:00-04:00,2026-07-06 15:55:00-04:00,CORTO,-0.13794583464104065,cierre_sesion
2026-07-07 10:20:00-04:00,2026-07-07 12:00:00-04:00,LARGO,0.13527399359925446,vwap
2026-07-08 10:35:00-04:00,2026-07-08 12:15:00-04:00,LARGO,0.03502664121397405,vwap
2026-07-09 10:15:00-04:00,2026-07-09 10:25:00-04:00,LARGO,0.2172540246138349,vwap
2026-07-09 11:05:00-04:00,2026-07-09 15:55:00-04:00,CORTO,-0.2882005374097164,cierre_sesion
2026-07-10 10:30:00-04:00,2026-07-10 10:40:00-04:00,LARGO,0.16113475804507385,vwap
2026-07-10 11:00:00-04:00,2026-07-10 11:15:00-04:00,LARGO,0.22770540056059563,vwap
2026-07-10 11:25:00-04:00,2026-07-10 11:40:00-04:00,CORTO,0.1619609297212081,vwap
2026-07-10 12:15:00-04:00,2026-07-10 15:55:00-04:00,CORTO,-0.17516485234259804,cierre_sesion
2026-07-13 10:15:00-04:00,2026-07-13 10:25:00-04:00,LARGO,0.1542742264555054,vwap
2026-07-13 10:40:00-04:00,2026-07-13 10:55:00-04:00,LARGO,0.16501827075016634,vwap
2026-07-13 11:40:00-04:00,2026-07-13 15:55:00-04:00,LARGO,-0.34986031569108494,cierre_sesion
2026-07-14 10:30:00-04:00,2026-07-14 11:50:00-04:00,CORTO,0.13563728421562496,vwap
2026-07-14 14:10:00-04:00,2026-07-14 15:55:00-04:00,CORTO,0.09699448477681293,cierre_sesion
2026-07-15 10:50:00-04:00,2026-07-15 13:35:00-04:00,LARGO,0.04515329141234,vwap
2026-07-16 10:25:00-04:00,2026-07-16 12:00:00-04:00,CORTO,0.21209990557694752,vwap
2026-07-16 15:05:00-04:00,2026-07-16 15:55:00-04:00,LARGO,0.13203918649533808,cierre_sesion
2026-07-17 10:15:00-04:00,2026-07-17 11:00:00-04:00,CORTO,0.31343702968401305,vwap
2026-07-17 11:55:00-04:00,2026-07-17 13:50:00-04:00,CORTO,0.26376353528781166,vwap
2026-07-20 10:15:00-04:00,2026-07-20 11:20:00-04:00,LARGO,0.11410599517782131,vwap
2026-07-20 14:40:00-04:00,2026-07-20 15:55:00-04:00,LARGO,-0.054537875958923406,cierre_sesion
2026-07-21 10:25:00-04:00,2026-07-21 15:55:00-04:00,CORTO,-0.1954854234607678,cierre_sesion
2026-07-22 11:20:00-04:00,2026-07-22 13:55:00-04:00,CORTO,0.10542739719444036,vwap
2026-07-23 10:30:00-04:00,2026-07-23 12:10:00-04:00,LARGO,-0.04735991986311711,vwap
2026-07-23 15:45:00-04:00,2026-07-23 15:55:00-04:00,LARGO,0.3050576015797774,vwap
2026-07-24 10:55:00-04:00,2026-07-24 14:15:00-04:00,CORTO,0.04861615383176305,vwap
2026-07-27 10:15:00-04:00,2026-07-27 15:15:00-04:00,LARGO,-0.20175645243394358,vwap
2026-07-28 10:15:00-04:00,2026-07-28 10:25:00-04:00,LARGO,0.14797883237335047,vwap
2026-07-28 10:45:00-04:00,2026-07-28 15:55:00-04:00,CORTO,-0.19613047460734895,cierre_sesion
2026-07-29 10:15:00-04:00,2026-07-29 13:00:00-04:00,LARGO,-0.004080677312810955,vwap
2026-07-29 14:40:00-04:00,2026-07-29 15:20:00-04:00,CORTO,0.7222669561425569,vwap
2026-07-29 15:35:00-04:00,2026-07-29 15:55:00-04:00,LARGO,-0.2822564767237058,cierre_sesion
2026-07-30 10:25:00-04:00,2026-07-30 10:50:00-04:00,CORTO,0.32085240665336134,vwap
2026-07-30 13:00:00-04:00,2026-07-30 15:55:00-04:00,CORTO,-0.24055250116283952,cierre_sesion
2026-07-31 10:15:00-04:00,2026-07-31 10:45:00-04:00,LARGO,0.5135057728186272,vwap
2026-07-31 15:45:00-04:00,2026-07-31 15:55:00-04:00,CORTO,0.22578522931279224,cierre_sesion
2026-08-03 10:15:00-04:00,2026-08-03 15:55:00-04:00,CORTO,-0.4623952244194142,cierre_sesion
2026-08-04 10:15:00-04:00,2026-08-04 15:55:00-04:00,CORTO,-0.7886407906220037,cierre_sesion
2026-08-05 10:25:00-04:00,2026-08-05 15:55:00-04:00,LARGO,-0.6506218287207903,cierre_sesion
2026-08-06 10:15:00-04:00,2026-08-06 10:25:00-04:00,CORTO,0.16262753967120955,vwap
2026-08-06 11:15:00-04:00,2026-08-06 14:10:00-04:00,LARGO,0.02860625999264524,vwap
2026-08-07 10:25:00-04:00,2026-08-07 12:25:00-04:00,CORTO,0.18947824607700775,vwap
2026-08-10 10:15:00-04:00,2026-08-10 10:55:00-04:00,CORTO,0.10008697011430032,vwap
2026-08-10 12:30:00-04:00,2026-08-10 15:05:00-04:00,LARGO,0.09189081888835411,vwap
2026-08-11 11:05:00-04:00,2026-08-11 15:55:00-04:00,LARGO,-0.3008536731861765,cierre_sesion
2026-08-12 11:00:00-04:00,2026-08-12 12:20:00-04:00,LARGO,0.0906904286291077,vwap
2026-08-13 10:15:00-04:00,2026-08-13 11:00:00-04:00,CORTO,0.1477174124036215,vwap
2026-08-14 10:20:00-04:00,2026-08-14 15:55:00-04:00,LARGO,-0.1581985849496493,cierre_sesion
2026-08-17 10:35:00-04:00,2026-08-17 11:00:00-04:00,LARGO,0.05677011364181342,vwap
2026-08-17 12:55:00-04:00,2026-08-17 15:55:00-04:00,LARGO,-0.2581711182564436,cierre_sesion
2026-08-18 10:50:00-04:00,2026-08-18 11:45:00-04:00,LARGO,0.05925164575320684,vwap
2026-08-19 10:35:00-04:00,2026-08-19 11:50:00-04:00,CORTO,0.12967813639600842,vwap
2026-08-20 10:15:00-04:00,2026-08-20 10:35:00-04:00,LARGO,0.1998808863972154,vwap
2026-08-20 11:35:00-04:00,2026-08-20 15:55:00-04:00,LARGO,-0.38076664057212506,cierre_sesion
2026-08-21 10:55:00-04:00,2026-08-21 13:30:00-04:00,CORTO,0.035992337680813474,vwap
2026-08-24 11:40:00-04:00,2026-08-24 13:20:00-04:00,CORTO,0.09004494980004031,vwap
2026-08-25 10:15:00-04:00,2026-08-25 11:55:00-04:00,LARGO,0.0026154962892247693,vwap
2026-08-26 12:35:00-04:00,2026-08-26 13:20:00-04:00,LARGO,0.19499205950288964,vwap
2026-08-26 15:00:00-04:00,2026-08-26 15:55:00-04:00,CORTO,0.164219861789306,cierre_sesion
