,XAU,TLT,SPY,BTC,EUR
"V1
(2024-08-13
2025-02-11)",12.197290243919845,12.009455712448268,-7.930751618332177,5.773788790069578,0.18817577502705518
"V2
(2025-02-11
2025-08-12)",19.387392946067994,-2.681624789913173,3.7733893641529903,-14.731049652419326,3.8726695619429874
"V3
(2025-08-12
2026-02-10)",33.431515247706244,-10.258067200414656,-12.927335738679503,11.2103195542125,2.272742873582967
"V4
(2026-02-10
2026-08-11)",-6.524394322591409,-3.9185357418108246,12.502461404600563,2.9769400682391645,-5.428704480688085
