t_entrada,t_salida,direccion,motivo,R,precio_entrada,precio_salida,modelo
2022-01-03 14:18:00+00:00,2022-01-03 14:29:00+00:00,-1,TP,0.9,1808.745,1807.1501999999998,MER
2022-01-04 14:24:00+00:00,2022-01-04 14:29:00+00:00,1,SL,-1.0,1809.444,1808.073,MEC-A
2022-01-04 14:33:00+00:00,2022-01-04 14:52:00+00:00,-1,SL,-1.0,1807.635,1809.755,MEC-A
2022-01-05 14:18:00+00:00,2022-01-05 14:30:00+00:00,1,SL,-1.0,1827.175,1826.175,MEC-A
2022-01-05 14:30:00+00:00,2022-01-05 14:32:00+00:00,-1,TP,0.9,1826.363,1825.7069000000001,MEC-A
2022-01-06 14:13:00+00:00,2022-01-06 14:30:00+00:00,1,TP,0.9,1788.818,1790.0114,MEC-A
2022-01-07 14:18:00+00:00,2022-01-07 14:33:00+00:00,1,SL,-1.0,1794.17,1791.825,MEC-A
2022-01-07 14:36:00+00:00,2022-01-07 14:45:00+00:00,-1,SL,-1.0,1789.664,1794.097,MEC-A
2022-01-10 14:15:00+00:00,2022-01-10 14:31:00+00:00,-1,SL,-1.0,1790.67,1793.14,MEC-A
2022-01-10 14:38:00+00:00,2022-01-10 14:50:00+00:00,1,TP,0.9,1793.861,1795.5854000000002,MEC-A
2022-01-11 14:31:00+00:00,2022-01-11 14:38:00+00:00,1,TP,0.9,1804.771,1806.3918999999999,MER
2022-01-12 14:12:00+00:00,2022-01-12 14:26:00+00:00,-1,SL,-1.0,1819.87,1822.062,MEC-A
2022-01-12 14:26:00+00:00,2022-01-12 14:43:00+00:00,1,TP,0.9,1822.3,1824.3204999999998,MEC-A
2022-01-13 14:09:00+00:00,2022-01-13 14:30:00+00:00,1,SL,-1.0,1823.375,1820.915,MEC-A
2022-01-13 14:36:00+00:00,2022-01-13 14:46:00+00:00,-1,TP,0.9,1820.792,1819.4186,MEC-A
2022-01-14 14:21:00+00:00,2022-01-14 14:27:00+00:00,-1,TP,0.9,1824.295,1822.5355000000002,MER
2022-01-17 14:18:00+00:00,2022-01-17 14:31:00+00:00,-1,TP,0.9,1820.445,1820.1272999999999,MEC-A
2022-01-18 15:16:00+00:00,2022-01-18 15:18:00+00:00,-1,TP,0.9,1815.68,1814.114,MEC-A
2022-01-19 14:17:00+00:00,2022-01-19 14:27:00+00:00,1,SL,-1.0,1824.637,1823.541,MER
2022-01-19 14:30:00+00:00,2022-01-19 14:31:00+00:00,-1,SL,-1.0,1823.135,1824.637,MEC-A
2022-01-21 14:32:00+00:00,2022-01-21 14:39:00+00:00,-1,SL,-1.0,1841.115,1842.445,MEC-A
2022-01-21 14:39:00+00:00,2022-01-21 14:41:00+00:00,1,SL,-1.0,1842.633,1840.662,MER
2022-01-24 14:09:00+00:00,2022-01-24 14:10:00+00:00,1,TP,0.9,1837.805,1839.2243,MER
2022-01-25 14:10:00+00:00,2022-01-25 14:25:00+00:00,-1,TP,0.9,1841.593,1840.2025000000003,MEC-A
2022-01-26 14:15:00+00:00,2022-01-26 14:22:00+00:00,-1,TP,0.9,1839.607,1836.7666,MEC-A
2022-01-27 14:37:00+00:00,2022-01-27 15:31:00+00:00,1,SL,-1.0,1806.293,1799.28,MEC-A
2022-01-28 14:13:00+00:00,2022-01-28 14:16:00+00:00,-1,TP,0.9,1786.395,1784.2989,MER
2022-01-31 14:17:00+00:00,2022-01-31 14:59:00+00:00,1,SL,-1.0,1797.829,1795.31,MER
2022-02-01 14:40:00+00:00,2022-02-01 14:44:00+00:00,-1,TP,0.9,1803.182,1800.8708000000001,MEC-A
2022-02-02 14:32:00+00:00,2022-02-02 14:43:00+00:00,1,SL,-1.0,1804.1,1802.198,MER
2022-02-02 14:45:00+00:00,2022-02-02 14:48:00+00:00,1,SL,-1.0,1804.072,1802.198,MEC-A
2022-02-03 14:19:00+00:00,2022-02-03 14:22:00+00:00,1,SL,-1.0,1804.631,1803.62,MEC-A
2022-02-03 14:29:00+00:00,2022-02-03 14:36:00+00:00,-1,TP,0.9,1802.31,1800.2210999999998,MEC-A
2022-02-04 14:29:00+00:00,2022-02-04 14:40:00+00:00,-1,SL,-1.0,1799.805,1803.415,MEC-A
2022-02-07 14:27:00+00:00,2022-02-07 14:46:00+00:00,-1,TP,0.9,1814.51,1813.3058,MEC-A
2022-02-08 14:14:00+00:00,2022-02-08 14:34:00+00:00,-1,TP,0.9,1822.25,1820.4275,MEC-A
2022-02-09 14:21:00+00:00,2022-02-09 14:38:00+00:00,1,SL,-1.0,1828.155,1826.71,MEC-A
2022-02-09 14:43:00+00:00,2022-02-09 14:46:00+00:00,1,TP,0.9,1828.717,1830.3739000000003,MEC-A
2022-02-10 14:37:00+00:00,2022-02-10 14:46:00+00:00,1,TP,0.9,1829.66,1833.1430000000003,MER
2022-02-11 14:18:00+00:00,2022-02-11 14:32:00+00:00,1,TP,0.9,1829.07,1830.4803,MEC-A
2022-02-14 14:26:00+00:00,2022-02-14 14:32:00+00:00,-1,SL,-1.0,1860.202,1862.548,MEC-A
2022-02-14 14:41:00+00:00,2022-02-14 14:46:00+00:00,1,TP,0.9,1862.383,1864.3459,MEC-A
2022-02-15 14:30:00+00:00,2022-02-15 14:32:00+00:00,-1,TP,0.9,1853.36,1851.1234999999997,MEC-A
2022-02-16 14:24:00+00:00,2022-02-16 14:29:00+00:00,1,SL,-1.0,1858.685,1858.075,MEC-A
2022-02-16 14:30:00+00:00,2022-02-16 14:37:00+00:00,1,TP,0.9,1861.08,1863.7844999999998,MEC-A
2022-02-17 14:09:00+00:00,2022-02-17 14:11:00+00:00,-1,TP,0.9,1890.375,1887.342,MER
2022-02-18 14:12:00+00:00,2022-02-18 14:20:00+00:00,1,SL,-1.0,1898.21,1896.955,MEC-A
2022-02-18 14:25:00+00:00,2022-02-18 14:30:00+00:00,-1,TP,0.9,1896.625,1894.9825,MEC-A
2022-02-21 14:37:00+00:00,2022-02-21 14:45:00+00:00,1,TP,0.9,1894.356,1895.3307,MEC-A
2022-02-22 14:20:00+00:00,2022-02-22 14:28:00+00:00,1,SL,-1.0,1904.365,1902.84,MER
2022-02-22 14:32:00+00:00,2022-02-22 14:36:00+00:00,1,TP,0.9,1904.642,1906.2638000000002,MEC-A
2022-02-23 14:23:00+00:00,2022-02-23 14:31:00+00:00,-1,SL,-1.0,1900.29,1901.17,MER
2022-02-23 14:35:00+00:00,2022-02-23 14:38:00+00:00,1,TP,0.9,1901.91,1903.269,MEC-A
2022-02-24 14:10:00+00:00,2022-02-24 14:17:00+00:00,-1,TP,0.9,1958.8,1955.1577,MER
2022-02-25 14:16:00+00:00,2022-02-25 15:01:00+00:00,1,SL,-1.0,1890.222,1885.88,MEC-A
2022-02-28 14:10:00+00:00,2022-02-28 14:33:00+00:00,-1,TP,0.9,1912.657,1908.7662999999998,MER
2022-03-01 14:25:00+00:00,2022-03-01 14:32:00+00:00,-1,SL,-1.0,1917.145,1919.795,MER
2022-03-01 14:34:00+00:00,2022-03-01 14:35:00+00:00,1,TP,0.9,1918.812,1920.639,MEC-A
2022-03-02 14:15:00+00:00,2022-03-02 14:20:00+00:00,-1,TP,0.9,1930.752,1927.2168,MEC-A
2022-03-03 14:23:00+00:00,2022-03-03 14:29:00+00:00,1,SL,-1.0,1930.575,1928.035,MEC-A
2022-03-03 14:31:00+00:00,2022-03-03 14:43:00+00:00,-1,SL,-1.0,1927.957,1930.575,MEC-A
2022-03-04 14:12:00+00:00,2022-03-04 14:29:00+00:00,1,TP,0.9,1948.068,1949.8977,MER
2022-03-07 14:23:00+00:00,2022-03-07 14:29:00+00:00,-1,SL,-1.0,1969.22,1973.99,MEC-A
2022-03-07 14:29:00+00:00,2022-03-07 14:43:00+00:00,1,TP,0.9,1975.114,1981.2781,MER
2022-03-08 14:40:00+00:00,2022-03-08 15:05:00+00:00,1,TP,0.9,2031.722,2044.7828,MEC-A
2022-03-11 14:13:00+00:00,2022-03-11 14:14:00+00:00,1,TP,0.9,1964.512,1965.808,MEC-A
2022-03-14 13:13:00+00:00,2022-03-14 13:46:00+00:00,-1,TP,0.9,1960.119,1956.1986,MEC-A
2022-03-15 13:19:00+00:00,2022-03-15 13:39:00+00:00,-1,SL,-1.0,1915.914,1923.618,MER
2022-03-15 13:41:00+00:00,2022-03-15 14:05:00+00:00,1,SL,-1.0,1924.365,1917.324,MEC-A
2022-03-16 13:23:00+00:00,2022-03-16 13:39:00+00:00,-1,TP,0.9,1918.727,1916.5760000000002,MEC-A
2022-03-17 13:09:00+00:00,2022-03-17 13:17:00+00:00,1,TP,0.9,1940.627,1943.1659,MEC-A
2022-03-18 13:10:00+00:00,2022-03-18 13:13:00+00:00,-1,TP,0.9,1935.42,1934.8125,MER
2022-03-21 13:17:00+00:00,2022-03-21 13:19:00+00:00,-1,TP,0.9,1922.675,1921.6535,MEC-A
2022-03-22 13:31:00+00:00,2022-03-22 13:34:00+00:00,-1,TP,0.9,1923.92,1922.336,MEC-A
2022-03-23 13:13:00+00:00,2022-03-23 13:17:00+00:00,1,SL,-1.0,1932.617,1931.197,MEC-A
2022-03-23 13:25:00+00:00,2022-03-23 13:26:00+00:00,-1,SL,-1.0,1930.93,1931.67,MEC-A
2022-03-24 13:22:00+00:00,2022-03-24 13:27:00+00:00,1,TP,0.9,1949.515,1951.4995000000004,MEC-A
2022-03-28 13:45:00+00:00,2022-03-28 14:20:00+00:00,1,TP,0.9,1936.105,1940.569,MER
2022-03-29 13:25:00+00:00,2022-03-29 13:27:00+00:00,-1,SL,-1.0,1895.47,1897.585,MEC-A
2022-03-29 13:33:00+00:00,2022-03-29 13:35:00+00:00,-1,SL,-1.0,1895.16,1897.99,MEC-A
2022-03-30 13:31:00+00:00,2022-03-30 13:34:00+00:00,1,TP,0.9,1926.472,1929.7299999999998,MEC-A
2022-04-01 13:11:00+00:00,2022-04-01 13:23:00+00:00,-1,SL,-1.0,1924.52,1927.375,MER
2022-04-01 13:35:00+00:00,2022-04-01 13:43:00+00:00,1,TP,0.9,1929.132,1932.6708,MEC-A
2022-04-04 13:20:00+00:00,2022-04-04 13:39:00+00:00,-1,SL,-1.0,1930.245,1934.628,MEC-A
2022-04-04 13:39:00+00:00,2022-04-04 13:46:00+00:00,1,SL,-1.0,1934.805,1931.45,MEC-A
2022-04-05 13:12:00+00:00,2022-04-05 13:21:00+00:00,-1,SL,-1.0,1932.947,1935.842,MER
2022-04-05 13:21:00+00:00,2022-04-05 13:27:00+00:00,1,TP,0.9,1936.13,1938.9947000000002,MER
2022-04-06 13:11:00+00:00,2022-04-06 13:14:00+00:00,-1,TP,0.9,1925.46,1924.1874,MER
2022-04-07 13:24:00+00:00,2022-04-07 13:29:00+00:00,1,SL,-1.0,1930.764,1927.473,MER
2022-04-07 13:50:00+00:00,2022-04-07 14:00:00+00:00,1,TP,0.9,1931.837,1933.7063,MEC-A
2022-04-08 13:19:00+00:00,2022-04-08 13:34:00+00:00,1,TP,0.9,1936.132,1938.5791000000002,MEC-A
2022-04-11 13:35:00+00:00,2022-04-11 13:36:00+00:00,-1,TP,0.9,1961.687,1960.0436,MEC-A
2022-04-12 13:14:00+00:00,2022-04-12 13:38:00+00:00,-1,TP,0.9,1969.89,1967.2602000000002,MEC-A
2022-04-13 13:10:00+00:00,2022-04-13 13:14:00+00:00,-1,SL,-1.0,1974.682,1975.972,MEC-A
2022-04-13 13:16:00+00:00,2022-04-13 13:24:00+00:00,1,TP,0.9,1976.37,1978.1933999999997,MEC-A
2022-04-14 13:36:00+00:00,2022-04-14 13:53:00+00:00,-1,TP,0.9,1972.22,1967.7443,MEC-A
2022-04-18 13:32:00+00:00,2022-04-18 13:33:00+00:00,-1,TP,0.9,1992.028,1990.7437,MER
2022-04-20 13:19:00+00:00,2022-04-20 13:37:00+00:00,-1,TP,0.9,1946.623,1944.4432,MER
2022-04-21 13:10:00+00:00,2022-04-21 13:31:00+00:00,1,SL,-1.0,1949.235,1946.646,MER
2022-04-21 13:33:00+00:00,2022-04-21 13:35:00+00:00,-1,TP,0.9,1946.758,1944.8941000000002,MEC-A
2022-04-25 13:57:00+00:00,2022-04-25 14:04:00+00:00,-1,TP,0.9,1897.6,1893.5904999999998,MEC-A
2022-04-26 13:27:00+00:00,2022-04-26 13:30:00+00:00,1,TP,0.9,1908.197,1909.8304999999998,MEC-A
2022-04-27 13:19:00+00:00,2022-04-27 13:25:00+00:00,1,SL,-1.0,1897.18,1894.705,MER
2022-04-27 13:27:00+00:00,2022-04-27 13:30:00+00:00,-1,TP,0.9,1893.812,1890.7807999999998,MEC-A
2022-04-28 13:29:00+00:00,2022-04-28 13:31:00+00:00,1,TP,0.9,1885.688,1886.4044000000001,MEC-A
2022-04-29 13:14:00+00:00,2022-04-29 13:35:00+00:00,-1,TP,0.9,1909.642,1906.5955000000001,MEC-A
2022-05-02 13:33:00+00:00,2022-05-02 13:50:00+00:00,-1,TP,0.9,1859.533,1855.3938999999998,MER
2022-05-03 13:20:00+00:00,2022-05-03 13:31:00+00:00,-1,SL,-1.0,1862.217,1865.835,MEC-A
2022-05-03 13:37:00+00:00,2022-05-03 13:54:00+00:00,1,TP,0.9,1867.17,1871.6277,MEC-A
2022-05-04 13:18:00+00:00,2022-05-04 13:36:00+00:00,1,SL,-1.0,1870.015,1866.514,MER
2022-05-04 13:36:00+00:00,2022-05-04 13:50:00+00:00,-1,TP,0.9,1866.203,1862.7721999999999,MEC-A
2022-05-05 13:16:00+00:00,2022-05-05 13:20:00+00:00,-1,TP,0.9,1903.875,1901.0985,MER
2022-05-06 13:26:00+00:00,2022-05-06 13:27:00+00:00,1,TP,0.9,1878.088,1879.8844,MER
2022-05-09 13:18:00+00:00,2022-05-09 13:19:00+00:00,1,TP,0.9,1869.905,1871.2775,MEC-A
2022-05-10 13:34:00+00:00,2022-05-10 13:40:00+00:00,-1,TP,0.9,1860.662,1858.3283,MEC-A
2022-05-11 13:31:00+00:00,2022-05-11 13:33:00+00:00,1,SL,-1.0,1850.592,1847.831,MEC-A
2022-05-11 13:35:00+00:00,2022-05-11 13:38:00+00:00,1,TP,0.9,1849.198,1850.4283000000003,MER
2022-05-12 13:13:00+00:00,2022-05-12 13:23:00+00:00,1,TP,0.9,1846.332,1848.8133000000003,MEC-A
2022-05-13 13:28:00+00:00,2022-05-13 13:45:00+00:00,1,SL,-1.0,1805.02,1801.745,MEC-A
2022-05-13 13:53:00+00:00,2022-05-13 14:03:00+00:00,1,TP,0.9,1806.935,1811.0435,MEC-A
2022-05-16 13:27:00+00:00,2022-05-16 13:32:00+00:00,-1,SL,-1.0,1805.0,1806.808,MEC-A
2022-05-16 13:32:00+00:00,2022-05-16 13:41:00+00:00,1,TP,0.9,1807.009,1808.8171,MER
2022-05-17 13:15:00+00:00,2022-05-17 13:32:00+00:00,-1,TP,0.9,1827.528,1825.5057,MEC-A
2022-05-18 13:28:00+00:00,2022-05-18 13:33:00+00:00,-1,SL,-1.0,1812.82,1814.195,MEC-A
2022-05-18 13:38:00+00:00,2022-05-18 13:42:00+00:00,-1,SL,-1.0,1812.745,1814.195,MEC-A
2022-05-19 13:15:00+00:00,2022-05-19 13:32:00+00:00,1,SL,-1.0,1841.082,1837.358,MER
2022-05-19 13:32:00+00:00,2022-05-19 13:35:00+00:00,-1,TP,0.9,1837.517,1834.1231,MEC-A
2022-05-20 13:25:00+00:00,2022-05-20 13:29:00+00:00,-1,TP,0.9,1841.87,1841.0851999999998,MER
2022-05-23 13:21:00+00:00,2022-05-23 13:22:00+00:00,-1,SL,-1.0,1853.685,1854.477,MEC-A
2022-05-23 13:24:00+00:00,2022-05-23 13:49:00+00:00,1,SL,-1.0,1855.875,1853.466,MEC-A
2022-05-24 13:24:00+00:00,2022-05-24 13:36:00+00:00,-1,SL,-1.0,1859.61,1861.213,MER
2022-05-24 13:37:00+00:00,2022-05-24 13:38:00+00:00,1,SL,-1.0,1861.318,1859.665,MEC-A
2022-05-25 13:16:00+00:00,2022-05-25 13:17:00+00:00,1,TP,0.9,1850.778,1851.6897,MEC-A
2022-05-26 13:29:00+00:00,2022-05-26 13:31:00+00:00,-1,TP,0.9,1845.74,1844.6798000000001,MER
2022-05-27 13:16:00+00:00,2022-05-27 13:28:00+00:00,1,SL,-1.0,1860.975,1858.928,MER
2022-05-27 13:34:00+00:00,2022-05-27 13:41:00+00:00,-1,TP,0.9,1858.61,1856.4814999999999,MEC-A
2022-05-30 13:46:00+00:00,2022-05-30 13:49:00+00:00,-1,SL,-1.0,1860.02,1860.822,MER
2022-05-30 13:53:00+00:00,2022-05-30 13:56:00+00:00,-1,TP,0.9,1860.023,1859.3596999999997,MEC-A
2022-05-31 14:24:00+00:00,2022-05-31 14:26:00+00:00,-1,TP,0.9,1842.835,1840.6498000000001,MEC-A
2022-06-01 13:31:00+00:00,2022-06-01 13:33:00+00:00,1,TP,0.9,1847.153,1848.2015,MEC-A
2022-06-02 14:16:00+00:00,2022-06-02 14:22:00+00:00,1,SL,-1.0,1868.34,1866.812,MER
2022-06-07 13:19:00+00:00,2022-06-07 13:26:00+00:00,-1,SL,-1.0,1842.597,1845.117,MER
2022-06-07 13:26:00+00:00,2022-06-07 13:43:00+00:00,1,TP,0.9,1845.035,1847.2292000000002,MEC-A
2022-06-08 13:19:00+00:00,2022-06-08 13:35:00+00:00,1,TP,0.9,1854.17,1855.304,MEC-A
2022-06-09 13:14:00+00:00,2022-06-09 13:16:00+00:00,-1,SL,-1.0,1847.434,1848.825,MEC-A
2022-06-09 13:16:00+00:00,2022-06-09 13:17:00+00:00,1,TP,0.9,1849.4,1850.0723000000003,MER
2022-06-10 13:39:00+00:00,2022-06-10 14:15:00+00:00,-1,SL,-1.0,1830.445,1835.068,MER
2022-06-10 14:15:00+00:00,2022-06-10 14:26:00+00:00,1,TP,0.9,1835.06,1839.587,MEC-A
2022-06-13 13:09:00+00:00,2022-06-13 13:10:00+00:00,-1,TP,0.9,1843.39,1841.6287000000002,MER
2022-06-14 13:29:00+00:00,2022-06-14 13:33:00+00:00,-1,TP,0.9,1819.43,1817.8145000000002,MER
2022-06-15 13:11:00+00:00,2022-06-15 13:15:00+00:00,1,SL,-1.0,1832.24,1830.247,MER
2022-06-15 13:16:00+00:00,2022-06-15 13:28:00+00:00,-1,TP,0.9,1829.825,1827.6515000000002,MER
2022-06-16 13:09:00+00:00,2022-06-16 13:12:00+00:00,1,SL,-1.0,1831.988,1830.503,MER
2022-06-16 13:13:00+00:00,2022-06-16 13:16:00+00:00,-1,TP,0.9,1829.952,1828.1196,MER
2022-06-17 13:22:00+00:00,2022-06-17 13:34:00+00:00,-1,TP,0.9,1847.148,1844.655,MER
2022-06-21 13:20:00+00:00,2022-06-21 13:35:00+00:00,-1,TP,0.9,1835.488,1833.1579000000002,MEC-A
2022-06-23 13:18:00+00:00,2022-06-23 13:25:00+00:00,1,TP,0.9,1836.83,1838.7109999999998,MER
2022-06-30 13:15:00+00:00,2022-06-30 13:32:00+00:00,-1,SL,-1.0,1817.477,1821.249,MEC-A
2022-06-30 13:32:00+00:00,2022-06-30 13:46:00+00:00,1,SL,-1.0,1823.125,1816.081,MEC-A
2022-07-01 13:34:00+00:00,2022-07-01 13:36:00+00:00,1,TP,0.9,1795.013,1797.3700999999999,MEC-A
2022-07-04 13:22:00+00:00,2022-07-04 13:24:00+00:00,-1,SL,-1.0,1808.111,1809.067,MEC-A
2022-07-04 13:27:00+00:00,2022-07-04 13:32:00+00:00,-1,SL,-1.0,1808.327,1809.166,MEC-A
2022-07-05 13:33:00+00:00,2022-07-05 13:36:00+00:00,-1,TP,0.9,1793.517,1791.7458000000001,MEC-A
2022-07-07 13:16:00+00:00,2022-07-07 13:41:00+00:00,1,TP,0.9,1742.203,1745.6617,MER
2022-07-08 13:12:00+00:00,2022-07-08 13:15:00+00:00,-1,SL,-1.0,1738.958,1740.847,MER
2022-07-08 13:17:00+00:00,2022-07-08 13:19:00+00:00,1,TP,0.9,1741.461,1743.5157,MER
2022-07-11 13:27:00+00:00,2022-07-11 13:35:00+00:00,1,SL,-1.0,1737.258,1736.349,MEC-A
2022-07-11 13:37:00+00:00,2022-07-11 13:41:00+00:00,1,SL,-1.0,1738.432,1737.233,MER
2022-07-12 13:14:00+00:00,2022-07-12 13:17:00+00:00,-1,TP,0.9,1731.638,1729.8181999999997,MEC-A
2022-07-13 13:15:00+00:00,2022-07-13 13:17:00+00:00,1,SL,-1.0,1719.168,1717.602,MEC-A
2022-07-13 13:17:00+00:00,2022-07-13 13:18:00+00:00,-1,SL,-1.0,1716.935,1716.98,MER
2022-07-14 13:21:00+00:00,2022-07-14 13:32:00+00:00,-1,TP,0.9,1705.531,1702.9119999999998,MEC-A
2022-07-18 13:13:00+00:00,2022-07-18 13:14:00+00:00,-1,SL,-1.0,1714.462,1715.545,MEC-A
2022-07-18 13:21:00+00:00,2022-07-18 13:30:00+00:00,1,TP,0.9,1716.22,1718.1613,MEC-A
2022-07-19 13:27:00+00:00,2022-07-19 13:34:00+00:00,1,TP,0.9,1711.78,1712.9832999999999,MEC-A
2022-07-20 13:10:00+00:00,2022-07-20 13:16:00+00:00,1,TP,0.9,1709.524,1710.7137999999998,MER
2022-07-21 13:09:00+00:00,2022-07-21 13:25:00+00:00,-1,TP,0.9,1703.535,1698.0567,MER
2022-07-22 13:24:00+00:00,2022-07-22 13:35:00+00:00,-1,SL,-1.0,1723.87,1726.323,MER
2022-07-22 13:42:00+00:00,2022-07-22 13:46:00+00:00,1,TP,0.9,1728.037,1733.1013,MEC-A
2022-07-26 13:36:00+00:00,2022-07-26 13:50:00+00:00,1,SL,-1.0,1720.854,1719.03,MEC-A
2022-07-26 13:52:00+00:00,2022-07-26 13:55:00+00:00,-1,SL,-1.0,1719.183,1720.763,MEC-A
2022-07-27 13:10:00+00:00,2022-07-27 13:12:00+00:00,-1,SL,-1.0,1716.334,1717.13,MEC-A
2022-07-27 13:14:00+00:00,2022-07-27 13:40:00+00:00,1,SL,-1.0,1717.69,1715.929,MEC-A
2022-07-28 14:30:00+00:00,2022-07-28 14:48:00+00:00,1,TP,0.9,1751.061,1753.1895,MEC-A
2022-07-29 14:22:00+00:00,2022-07-29 14:29:00+00:00,1,TP,0.9,1756.773,1758.5414999999998,MER
2022-08-02 13:22:00+00:00,2022-08-02 14:12:00+00:00,-1,SL,-1.0,1777.122,1785.167,MEC-A
2022-08-02 14:12:00+00:00,2022-08-02 14:38:00+00:00,1,SL,-1.0,1784.675,1780.74,MEC-A
2022-08-03 13:10:00+00:00,2022-08-03 13:26:00+00:00,-1,TP,0.9,1770.282,1768.5494999999999,MEC-A
2022-08-04 14:35:00+00:00,2022-08-04 14:44:00+00:00,1,SL,-1.0,1786.22,1784.463,MEC-A
2022-08-05 14:09:00+00:00,2022-08-05 14:11:00+00:00,1,TP,0.9,1776.519,1778.3523,MER
2022-08-08 13:31:00+00:00,2022-08-08 13:35:00+00:00,-1,SL,-1.0,1781.075,1782.87,MER
2022-08-08 13:45:00+00:00,2022-08-08 14:24:00+00:00,1,TP,0.9,1783.921,1786.2529000000002,MER
2022-08-09 14:16:00+00:00,2022-08-09 14:35:00+00:00,1,SL,-1.0,1796.758,1794.825,MER
2022-08-09 14:35:00+00:00,2022-08-09 14:59:00+00:00,-1,TP,0.9,1794.38,1791.6188000000002,MEC-A
2022-08-10 13:32:00+00:00,2022-08-10 14:32:00+00:00,-1,SL,-1.0,1793.035,1799.295,MEC-A
2022-08-10 14:35:00+00:00,2022-08-10 14:45:00+00:00,1,TP,0.9,1799.827,1801.2346,MEC-A
2022-08-11 13:12:00+00:00,2022-08-11 13:17:00+00:00,-1,TP,0.9,1794.715,1793.4162999999999,MER
2022-08-12 13:32:00+00:00,2022-08-12 13:58:00+00:00,1,TP,0.9,1795.811,1798.3588999999997,MER
2022-08-15 13:22:00+00:00,2022-08-15 13:44:00+00:00,1,SL,-1.0,1781.776,1777.832,MER
2022-08-16 13:16:00+00:00,2022-08-16 13:29:00+00:00,1,SL,-1.0,1776.372,1774.443,MER
2022-08-16 13:32:00+00:00,2022-08-16 13:34:00+00:00,1,TP,0.9,1775.503,1776.4569999999999,MEC-A
2022-08-17 13:23:00+00:00,2022-08-17 13:34:00+00:00,1,SL,-1.0,1772.1,1769.722,MER
2022-08-18 13:09:00+00:00,2022-08-18 13:27:00+00:00,-1,SL,-1.0,1763.745,1766.577,MEC-A
2022-08-18 13:28:00+00:00,2022-08-18 13:32:00+00:00,1,TP,0.9,1766.797,1768.6213,MEC-A
2022-08-19 13:12:00+00:00,2022-08-19 13:23:00+00:00,1,TP,0.9,1757.053,1757.9881000000003,MER
2022-08-22 13:09:00+00:00,2022-08-22 13:20:00+00:00,1,TP,0.9,1733.063,1734.8225000000002,MER
2022-08-23 13:32:00+00:00,2022-08-23 13:42:00+00:00,1,TP,0.9,1739.528,1740.7232,MER
2022-08-24 13:11:00+00:00,2022-08-24 13:12:00+00:00,-1,TP,0.9,1744.675,1743.8227,MER
2022-08-25 13:30:00+00:00,2022-08-25 13:35:00+00:00,-1,TP,0.9,1759.16,1757.5337,MEC-A
2022-08-26 13:10:00+00:00,2022-08-26 13:19:00+00:00,1,TP,0.9,1750.465,1753.0074999999997,MER
2022-08-29 13:18:00+00:00,2022-08-29 13:21:00+00:00,1,TP,0.9,1738.633,1739.2323999999999,MEC-A
2022-08-30 13:16:00+00:00,2022-08-30 13:41:00+00:00,1,SL,-1.0,1732.648,1730.193,MEC-A
2022-08-30 13:41:00+00:00,2022-08-30 13:58:00+00:00,-1,SL,-1.0,1730.037,1732.35,MEC-A
2022-08-31 13:36:00+00:00,2022-08-31 13:40:00+00:00,-1,SL,-1.0,1710.87,1712.768,MEC-A
2022-08-31 13:42:00+00:00,2022-08-31 13:46:00+00:00,1,TP,0.9,1713.31,1715.5077999999999,MER
2022-09-01 13:25:00+00:00,2022-09-01 13:26:00+00:00,1,TP,0.9,1698.337,1698.6295,MER
2022-09-05 13:24:00+00:00,2022-09-05 13:28:00+00:00,1,SL,-1.0,1713.486,1712.258,MEC-A
2022-09-06 13:17:00+00:00,2022-09-06 13:25:00+00:00,1,TP,0.9,1708.355,1710.2675,MEC-A
2022-09-07 13:12:00+00:00,2022-09-07 13:21:00+00:00,-1,SL,-1.0,1698.19,1699.321,MER
2022-09-07 13:21:00+00:00,2022-09-07 13:26:00+00:00,1,SL,-1.0,1699.91,1697.817,MEC-A
2022-09-08 13:09:00+00:00,2022-09-08 13:14:00+00:00,-1,TP,0.9,1713.028,1711.7752,MEC-A
2022-09-09 13:16:00+00:00,2022-09-09 13:18:00+00:00,1,SL,-1.0,1719.59,1717.925,MER
2022-09-09 13:18:00+00:00,2022-09-09 13:24:00+00:00,-1,TP,0.9,1717.668,1716.2595,MER
2022-09-13 13:34:00+00:00,2022-09-13 13:41:00+00:00,1,TP,0.9,1703.928,1706.3418000000001,MEC-A
2022-09-14 13:23:00+00:00,2022-09-14 14:29:00+00:00,-1,TP,0.9,1704.362,1702.0886000000003,MEC-A
2022-09-15 13:15:00+00:00,2022-09-15 13:18:00+00:00,1,SL,-1.0,1687.824,1685.837,MER
2022-09-15 13:23:00+00:00,2022-09-15 13:29:00+00:00,-1,TP,0.9,1684.86,1683.1752,MEC-A
2022-09-16 14:10:00+00:00,2022-09-16 14:13:00+00:00,1,TP,0.9,1669.968,1673.4636,MEC-A
2022-09-19 13:14:00+00:00,2022-09-19 13:26:00+00:00,-1,TP,0.9,1665.072,1663.5833999999998,MEC-A
2022-09-21 13:32:00+00:00,2022-09-21 13:48:00+00:00,-1,SL,-1.0,1672.83,1674.611,MEC-A
2022-09-21 13:48:00+00:00,2022-09-21 13:59:00+00:00,1,SL,-1.0,1674.7,1672.182,MER
2022-09-22 14:28:00+00:00,2022-09-22 14:34:00+00:00,1,SL,-1.0,1676.685,1674.559,MER
2022-09-22 14:36:00+00:00,2022-09-22 14:42:00+00:00,-1,TP,0.9,1674.21,1672.7763,MER
2022-09-23 13:25:00+00:00,2022-09-23 13:30:00+00:00,-1,TP,0.9,1654.075,1652.0482000000002,MER
2022-09-26 13:19:00+00:00,2022-09-26 13:30:00+00:00,1,SL,-1.0,1646.125,1644.173,MER
2022-09-26 13:30:00+00:00,2022-09-26 13:33:00+00:00,-1,SL,-1.0,1644.373,1646.793,MER
2022-09-27 13:10:00+00:00,2022-09-27 13:12:00+00:00,1,TP,0.9,1636.975,1637.9722,MEC-A
2022-09-28 13:15:00+00:00,2022-09-28 13:24:00+00:00,1,TP,0.9,1638.435,1641.3888,MER
2022-09-29 13:33:00+00:00,2022-09-29 13:41:00+00:00,1,SL,-1.0,1656.496,1653.818,MEC-A
2022-09-29 13:42:00+00:00,2022-09-29 14:16:00+00:00,-1,TP,0.9,1653.543,1649.7882,MEC-A
2022-09-30 13:24:00+00:00,2022-09-30 13:30:00+00:00,1,TP,0.9,1664.468,1666.3157,MER
2022-10-03 13:13:00+00:00,2022-10-03 13:15:00+00:00,1,TP,0.9,1667.974,1670.1214,MEC-A
2022-10-04 13:20:00+00:00,2022-10-04 13:30:00+00:00,-1,TP,0.9,1710.543,1708.6034999999997,MER
2022-10-05 13:17:00+00:00,2022-10-05 13:40:00+00:00,-1,TP,0.9,1710.374,1708.1969000000001,MER
2022-10-06 13:31:00+00:00,2022-10-06 13:50:00+00:00,1,SL,-1.0,1714.492,1711.35,MER
2022-10-07 13:37:00+00:00,2022-10-07 13:41:00+00:00,-1,SL,-1.0,1700.475,1702.896,MEC-A
2022-10-07 13:44:00+00:00,2022-10-07 14:03:00+00:00,-1,TP,0.9,1699.113,1695.5823,MEC-A
2022-10-10 13:19:00+00:00,2022-10-10 13:20:00+00:00,-1,TP,0.9,1675.622,1674.9191,MEC-A
2022-10-11 13:30:00+00:00,2022-10-11 13:40:00+00:00,-1,SL,-1.0,1668.037,1669.895,MER
2022-10-11 13:49:00+00:00,2022-10-11 13:58:00+00:00,1,SL,-1.0,1671.125,1667.662,MEC-A
2022-10-12 13:14:00+00:00,2022-10-12 13:38:00+00:00,-1,SL,-1.0,1668.0,1671.605,MER
2022-10-12 13:42:00+00:00,2022-10-12 14:22:00+00:00,1,SL,-1.0,1671.651,1668.035,MEC-A
2022-10-13 13:12:00+00:00,2022-10-13 13:20:00+00:00,-1,SL,-1.0,1648.741,1653.165,MER
2022-10-13 13:25:00+00:00,2022-10-13 13:33:00+00:00,-1,TP,0.9,1648.322,1644.1324999999997,MEC-A
2022-10-17 13:10:00+00:00,2022-10-17 13:23:00+00:00,-1,TP,0.9,1665.075,1664.0715,MEC-A
2022-10-18 13:15:00+00:00,2022-10-18 13:32:00+00:00,-1,SL,-1.0,1654.06,1655.73,MER
2022-10-18 13:32:00+00:00,2022-10-18 13:47:00+00:00,1,SL,-1.0,1656.185,1654.06,MEC-A
2022-10-19 13:23:00+00:00,2022-10-19 13:48:00+00:00,1,SL,-1.0,1636.445,1632.87,MEC-A
2022-10-19 13:48:00+00:00,2022-10-19 14:29:00+00:00,-1,SL,-1.0,1632.645,1636.905,MER
2022-10-20 13:30:00+00:00,2022-10-20 13:45:00+00:00,-1,SL,-1.0,1631.3,1633.47,MER
2022-10-20 13:47:00+00:00,2022-10-20 14:05:00+00:00,1,TP,0.9,1634.34,1637.0444999999997,MEC-A
2022-10-21 13:26:00+00:00,2022-10-21 13:36:00+00:00,1,TP,0.9,1633.354,1636.3726000000001,MEC-A
2022-10-24 13:25:00+00:00,2022-10-24 13:40:00+00:00,-1,TP,0.9,1647.53,1646.3149999999998,MEC-A
2022-10-25 13:27:00+00:00,2022-10-25 13:57:00+00:00,1,TP,0.9,1651.865,1660.1324,MER
2022-10-26 13:17:00+00:00,2022-10-26 13:22:00+00:00,-1,TP,0.9,1663.53,1662.3374999999999,MER
2022-10-27 13:17:00+00:00,2022-10-27 13:51:00+00:00,1,SL,-1.0,1663.53,1657.25,MEC-A
2022-10-27 13:56:00+00:00,2022-10-27 14:05:00+00:00,-1,SL,-1.0,1657.32,1661.88,MEC-A
2022-10-28 13:33:00+00:00,2022-10-28 13:52:00+00:00,1,TP,0.9,1646.12,1648.7254999999998,MEC-A
2022-10-31 13:11:00+00:00,2022-10-31 13:12:00+00:00,1,SL,-1.0,1637.63,1637.065,MER
2022-10-31 13:13:00+00:00,2022-10-31 13:17:00+00:00,-1,TP,0.9,1636.8,1636.2195,MER
2022-11-01 13:13:00+00:00,2022-11-01 13:22:00+00:00,1,SL,-1.0,1655.052,1653.64,MER
2022-11-01 13:23:00+00:00,2022-11-01 13:29:00+00:00,-1,TP,0.9,1653.855,1652.7777,MEC-A
2022-11-02 13:28:00+00:00,2022-11-02 13:30:00+00:00,-1,TP,0.9,1656.58,1655.9769999999999,MEC-A
2022-11-03 13:16:00+00:00,2022-11-03 13:41:00+00:00,-1,SL,-1.0,1618.77,1622.1,MER
2022-11-03 13:41:00+00:00,2022-11-03 14:28:00+00:00,1,TP,0.9,1622.45,1626.4775000000002,MEC-A
2022-11-04 13:12:00+00:00,2022-11-04 13:16:00+00:00,1,TP,0.9,1664.295,1666.5495,MEC-A
2022-11-07 14:09:00+00:00,2022-11-07 14:27:00+00:00,1,SL,-1.0,1680.205,1678.52,MEC-A
2022-11-07 14:27:00+00:00,2022-11-07 14:32:00+00:00,-1,SL,-1.0,1678.465,1680.465,MEC-A
2022-11-08 14:15:00+00:00,2022-11-08 14:20:00+00:00,1,TP,0.9,1674.395,1675.1915,MER
2022-11-09 14:40:00+00:00,2022-11-09 14:45:00+00:00,1,TP,0.9,1713.13,1715.7949,MER
2022-11-10 14:37:00+00:00,2022-11-10 14:43:00+00:00,-1,SL,-1.0,1737.285,1741.8,MEC-A
2022-11-10 14:43:00+00:00,2022-11-10 14:45:00+00:00,1,TP,0.9,1741.45,1742.9845000000003,MEC-A
2022-11-11 14:20:00+00:00,2022-11-11 14:34:00+00:00,-1,TP,0.9,1761.765,1759.0110000000002,MER
2022-11-14 14:31:00+00:00,2022-11-14 14:37:00+00:00,1,TP,0.9,1764.43,1765.6090000000002,MEC-A
2022-11-15 14:21:00+00:00,2022-11-15 14:34:00+00:00,-1,TP,0.9,1775.265,1772.3355000000001,MER
2022-11-16 14:16:00+00:00,2022-11-16 14:30:00+00:00,-1,TP,0.9,1777.84,1776.8707,MER
2022-11-17 14:15:00+00:00,2022-11-17 14:34:00+00:00,1,TP,0.9,1757.939,1760.4131000000002,MER
2022-11-18 14:26:00+00:00,2022-11-18 14:31:00+00:00,-1,TP,0.9,1757.385,1754.469,MER
2022-11-21 14:19:00+00:00,2022-11-21 14:32:00+00:00,1,SL,-1.0,1745.62,1743.565,MEC-A
2022-11-21 14:32:00+00:00,2022-11-21 14:44:00+00:00,-1,TP,0.9,1743.24,1740.765,MEC-A
2022-11-22 15:17:00+00:00,2022-11-22 15:32:00+00:00,1,SL,-1.0,1744.485,1743.455,MEC-A
2022-11-22 15:33:00+00:00,2022-11-22 15:40:00+00:00,-1,TP,0.9,1743.24,1742.0655,MEC-A
2022-11-24 14:25:00+00:00,2022-11-24 14:34:00+00:00,1,SL,-1.0,1756.57,1755.92,MER
2022-11-24 14:37:00+00:00,2022-11-24 14:45:00+00:00,-1,SL,-1.0,1755.805,1756.575,MEC-A
2022-11-25 14:11:00+00:00,2022-11-25 14:17:00+00:00,1,SL,-1.0,1748.475,1747.44,MER
2022-11-25 14:18:00+00:00,2022-11-25 14:24:00+00:00,-1,SL,-1.0,1747.18,1748.475,MEC-A
2022-11-28 14:20:00+00:00,2022-11-28 14:21:00+00:00,-1,TP,0.9,1750.194,1749.0276,MEC-A
2022-11-29 14:09:00+00:00,2022-11-29 14:11:00+00:00,1,SL,-1.0,1753.15,1751.92,MER
2022-11-29 14:17:00+00:00,2022-11-29 14:19:00+00:00,-1,TP,0.9,1751.39,1749.806,MEC-A
2022-11-30 14:41:00+00:00,2022-11-30 14:42:00+00:00,-1,SL,-1.0,1758.18,1758.91,MEC-A
2022-11-30 14:42:00+00:00,2022-11-30 14:45:00+00:00,1,TP,0.9,1760.85,1763.0729999999996,MER
2022-12-01 14:29:00+00:00,2022-12-01 14:37:00+00:00,1,SL,-1.0,1799.324,1796.265,MEC-A
2022-12-01 14:40:00+00:00,2022-12-01 14:45:00+00:00,1,TP,0.9,1798.005,1799.5710000000001,MEC-A
2022-12-02 14:12:00+00:00,2022-12-02 14:41:00+00:00,1,SL,-1.0,1785.361,1782.745,MEC-A
2022-12-02 14:42:00+00:00,2022-12-02 14:47:00+00:00,-1,SL,-1.0,1782.3,1786.34,MEC-A
2022-12-05 14:27:00+00:00,2022-12-05 14:39:00+00:00,-1,TP,0.9,1790.14,1788.0286,MEC-A
2022-12-06 14:19:00+00:00,2022-12-06 14:30:00+00:00,-1,TP,0.9,1776.775,1775.3845000000001,MEC-A
2022-12-07 14:23:00+00:00,2022-12-07 14:24:00+00:00,1,TP,0.9,1778.68,1780.0255000000002,MEC-A
2022-12-08 14:19:00+00:00,2022-12-08 14:20:00+00:00,-1,SL,-1.0,1787.77,1788.955,MEC-A
2022-12-08 14:24:00+00:00,2022-12-08 14:35:00+00:00,1,SL,-1.0,1789.71,1787.77,MEC-A
2022-12-09 14:09:00+00:00,2022-12-09 14:11:00+00:00,-1,TP,0.9,1796.685,1795.9109999999998,MER
2022-12-12 14:17:00+00:00,2022-12-12 14:30:00+00:00,1,SL,-1.0,1788.74,1787.37,MER
2022-12-12 14:33:00+00:00,2022-12-12 14:39:00+00:00,1,SL,-1.0,1789.37,1787.72,MEC-A
2022-12-13 15:25:00+00:00,2022-12-13 15:38:00+00:00,-1,TP,0.9,1815.805,1813.1275,MEC-A
2022-12-14 14:12:00+00:00,2022-12-14 14:37:00+00:00,1,TP,0.9,1809.245,1810.3834999999997,MER
2022-12-15 15:22:00+00:00,2022-12-15 15:26:00+00:00,-1,TP,0.9,1779.744,1777.2230999999997,MEC-A
2022-12-16 14:22:00+00:00,2022-12-16 14:34:00+00:00,-1,SL,-1.0,1782.935,1785.195,MEC-A
2022-12-16 14:35:00+00:00,2022-12-16 14:40:00+00:00,1,SL,-1.0,1785.642,1782.42,MER
2022-12-19 14:15:00+00:00,2022-12-19 14:26:00+00:00,-1,SL,-1.0,1791.136,1791.78,MER
2022-12-19 14:27:00+00:00,2022-12-19 14:37:00+00:00,1,SL,-1.0,1792.045,1790.798,MEC-A
2022-12-20 14:09:00+00:00,2022-12-20 14:11:00+00:00,1,SL,-1.0,1805.718,1804.36,MER
2022-12-20 14:11:00+00:00,2022-12-20 14:16:00+00:00,-1,TP,0.9,1804.06,1803.0853,MER
2022-12-21 14:09:00+00:00,2022-12-21 14:11:00+00:00,-1,SL,-1.0,1815.825,1816.657,MER
2022-12-21 14:14:00+00:00,2022-12-21 14:27:00+00:00,1,TP,0.9,1816.99,1818.0384999999999,MER
2022-12-22 14:15:00+00:00,2022-12-22 14:20:00+00:00,-1,TP,0.9,1807.055,1805.5385,MER
2022-12-23 14:21:00+00:00,2022-12-23 14:26:00+00:00,-1,SL,-1.0,1792.738,1794.599,MEC-A
2022-12-23 14:34:00+00:00,2022-12-23 14:59:00+00:00,-1,SL,-1.0,1792.155,1794.625,MEC-A
2022-12-28 14:37:00+00:00,2022-12-28 14:40:00+00:00,1,SL,-1.0,1807.439,1804.895,MEC-A
2022-12-28 14:51:00+00:00,2022-12-28 15:00:00+00:00,1,SL,-1.0,1808.34,1804.65,MEC-A
2022-12-29 14:37:00+00:00,2022-12-29 14:47:00+00:00,1,TP,0.9,1814.175,1816.668,MEC-A
2022-12-30 14:28:00+00:00,2022-12-30 14:32:00+00:00,-1,SL,-1.0,1818.929,1821.226,MER
2022-12-30 14:34:00+00:00,2022-12-30 14:50:00+00:00,1,SL,-1.0,1822.206,1818.929,MEC-A
