t_entry,t_exit,dir,modelo,entry,exit,motivo,r,fecha
2025-10-27 13:26:00+00:00,2025-10-27 13:30:00+00:00,SELL,MEC-A,4036.7285,4030.26965,TP,0.9,2025-10-27
2025-10-28 13:03:00+00:00,2025-10-28 13:34:00+00:00,LONG,MEC-A,3925.895,3924.09,Hedge,-0.08900394477316659,2025-10-28
2025-10-28 13:34:00+00:00,2025-10-28 13:42:00+00:00,SELL,MEC-A,3924.09,3915.20835,TP,0.9,2025-10-28
2025-10-29 13:04:00+00:00,2025-10-29 13:38:00+00:00,SELL,MEC-A,4014.85,4004.9635,TP,0.9,2025-10-29
2025-10-31 13:01:00+00:00,2025-10-31 13:08:00+00:00,SHORT,MEC-A,4022.776,4028.476,Hedge,-0.4209127159946918,2025-10-31
2025-10-31 13:08:00+00:00,2025-10-31 13:13:00+00:00,BUY,MEC-A,4028.476,4035.7354000000005,TP,0.9,2025-10-31
2025-11-03 14:09:00+00:00,2025-11-03 14:21:00+00:00,SHORT,MEC-A,4013.59,4019.207,Hedge,-0.7668259385665357,2025-11-03
2025-11-03 14:21:00+00:00,2025-11-03 14:27:00+00:00,BUY,MEC-A,4019.207,4014.682,SL,-1.0,2025-11-03
2025-11-03 14:27:00+00:00,2025-11-03 14:32:00+00:00,SELL,MEC-A,4012.436,4005.0965000000006,TP,0.9,2025-11-03
2025-11-04 14:01:00+00:00,2025-11-04 14:29:00+00:00,SELL,MEC-A,3970.275,3962.715,TP,0.9,2025-11-04
2025-11-05 14:04:00+00:00,2025-11-05 14:25:00+00:00,BUY,MEC-A,3977.275,3982.801,TP,0.9,2025-11-05
2025-11-06 14:02:00+00:00,2025-11-06 14:18:00+00:00,SELL,MEC-A,4008.988,4002.5287,TP,0.9,2025-11-06
2025-11-07 14:10:00+00:00,2025-11-07 14:20:00+00:00,BUY,MEC-A,4001.115,4006.2584999999995,TP,0.9,2025-11-07
2025-11-10 14:01:00+00:00,2025-11-10 14:04:00+00:00,SELL,MEC-A,4090.785,4087.7835,TP,0.9,2025-11-10
2025-11-12 14:01:00+00:00,2025-11-12 14:04:00+00:00,BUY,MEC-A,4129.2,4133.4974999999995,TP,0.9,2025-11-12
2025-11-13 14:03:00+00:00,2025-11-13 14:08:00+00:00,SELL,MEC-A,4223.775,4215.994499999999,TP,0.9,2025-11-13
2025-11-14 14:01:00+00:00,2025-11-14 14:20:00+00:00,SHORT,MEC-A,4043.655,4055.49,Hedge,-0.872465904902317,2025-11-14
2025-11-14 14:20:00+00:00,2025-11-14 14:32:00+00:00,BUY,MEC-A,4055.49,4045.115,SL,-1.0,2025-11-14
2025-11-14 14:32:00+00:00,2025-11-14 14:37:00+00:00,SELL,MEC-A,4039.7,4060.47,SL,-1.0,2025-11-14
2025-11-17 14:03:00+00:00,2025-11-17 14:06:00+00:00,SHORT,MEC-A,4065.69,4068.44,Hedge,-0.48715677590788464,2025-11-17
2025-11-17 14:06:00+00:00,2025-11-17 14:35:00+00:00,BUY,MEC-A,4068.44,4075.3205,TP,0.9,2025-11-17
2025-11-18 14:01:00+00:00,2025-11-18 14:04:00+00:00,BUY,MEC-A,4067.245,4071.9871,TP,0.9,2025-11-18
2025-11-19 14:12:00+00:00,2025-11-19 14:21:00+00:00,BUY,MEC-A,4116.825,4111.175,SL,-1.0,2025-11-19
2025-11-19 14:22:00+00:00,2025-11-19 14:53:00+00:00,SHORT,MEC-A,4109.6,4115.75,Hedge,-0.6702997275204494,2025-11-19
2025-11-19 14:53:00+00:00,2025-11-19 14:55:00+00:00,BUY,MEC-A,4115.75,4120.9385,TP,0.9,2025-11-19
2025-11-24 14:01:00+00:00,2025-11-24 14:23:00+00:00,LONG,MEC-A,4080.685,4074.145,Hedge,-0.9376344086021575,2025-11-24
2025-11-24 14:23:00+00:00,2025-11-24 14:51:00+00:00,SHORT,MEC-A,4074.145,4080.994,Hedge,-0.7567955801104997,2025-11-24
2025-11-24 14:51:00+00:00,2025-11-24 15:14:00+00:00,BUY,MEC-A,4080.994,4092.2836000000007,TP,0.9,2025-11-24
2025-11-25 14:01:00+00:00,2025-11-25 14:05:00+00:00,BUY,MEC-A,4148.271,4144.52,SL,-1.0,2025-11-25
2025-11-25 14:05:00+00:00,2025-11-25 14:27:00+00:00,SELL,MEC-A,4143.165,4136.8875,TP,0.9,2025-11-25
2025-11-26 14:03:00+00:00,2025-11-26 14:06:00+00:00,BUY,MEC-A,4156.08,4149.175,SL,-1.0,2025-11-26
2025-11-26 14:07:00+00:00,2025-11-26 14:32:00+00:00,SHORT,MEC-A,4146.97,4150.835,Hedge,-0.3838133068520252,2025-11-26
2025-11-26 14:32:00+00:00,2025-11-26 14:57:00+00:00,LONG,MEC-A,4150.835,4143.672,Hedge,-0.6752450980392485,2025-11-26
2025-11-26 14:57:00+00:00,2025-11-26 15:13:00+00:00,SELL,MEC-A,4143.672,4151.48,SL,-1.0,2025-11-26
2025-11-28 14:02:00+00:00,2025-11-28 14:32:00+00:00,BUY,MEC-A,4188.135,4200.0015,TP,0.9,2025-11-28
2025-12-01 14:01:00+00:00,2025-12-01 14:42:00+00:00,SELL,MEC-A,4244.165,4225.7105,TP,0.9,2025-12-01
2025-12-02 14:02:00+00:00,2025-12-02 14:26:00+00:00,BUY,MEC-A,4217.195,4230.217999999999,TP,0.9,2025-12-02
2025-12-03 14:25:00+00:00,2025-12-03 14:31:00+00:00,BUY,MEC-A,4227.565,4233.1044999999995,TP,0.9,2025-12-03
2025-12-04 14:05:00+00:00,2025-12-04 14:19:00+00:00,LONG,MEC-A,4199.96,4202.824,Hedge,0.24721622788084324,2025-12-04
2025-12-04 14:19:00+00:00,2025-12-04 14:21:00+00:00,SELL,MEC-A,4202.824,4206.428,SL,-1.0,2025-12-04
2025-12-04 14:21:00+00:00,2025-12-04 14:22:00+00:00,BUY,MEC-A,4207.2,4209.9135,TP,0.9,2025-12-04
2025-12-08 14:03:00+00:00,2025-12-08 14:06:00+00:00,BUY,MEC-A,4201.78,4205.3485,TP,0.9,2025-12-08
2025-12-09 14:03:00+00:00,2025-12-09 14:10:00+00:00,SELL,MEC-A,4198.875,4194.771,TP,0.9,2025-12-09
2025-12-10 14:09:00+00:00,2025-12-10 14:26:00+00:00,BUY,MEC-A,4205.13,4199.1,SL,-1.0,2025-12-10
2025-12-10 14:26:00+00:00,2025-12-10 14:49:00+00:00,SHORT,MEC-A,4197.395,4200.81,Hedge,-0.3518804739824821,2025-12-10
2025-12-10 14:49:00+00:00,2025-12-10 14:56:00+00:00,BUY,MEC-A,4200.81,4195.93,SL,-1.0,2025-12-10
2025-12-11 14:05:00+00:00,2025-12-11 14:11:00+00:00,BUY,MEC-A,4219.75,4228.9885,TP,0.9,2025-12-11
2025-12-12 14:04:00+00:00,2025-12-12 14:16:00+00:00,LONG,MEC-A,4343.315,4340.075,Hedge,-0.296160877513702,2025-12-12
2025-12-12 14:16:00+00:00,2025-12-12 14:27:00+00:00,SELL,MEC-A,4340.075,4344.625,SL,-1.0,2025-12-12
2025-12-12 14:27:00+00:00,2025-12-12 14:30:00+00:00,BUY,MEC-A,4344.49,4338.824,SL,-1.0,2025-12-12
2026-01-26 14:01:00+00:00,2026-01-26 14:10:00+00:00,SHORT,MEC-A,5059.418,5070.53,Hedge,-0.6633237822349457,2026-01-26
2026-01-26 14:10:00+00:00,2026-01-26 14:27:00+00:00,BUY,MEC-A,5070.53,5081.464999999999,TP,0.9,2026-01-26
2026-01-27 14:02:00+00:00,2026-01-27 14:05:00+00:00,SELL,MEC-A,5070.22,5059.438000000001,TP,0.9,2026-01-27
2026-01-28 14:05:00+00:00,2026-01-28 14:19:00+00:00,SHORT,MEC-A,5257.378,5266.065,Hedge,-0.7510158208697063,2026-01-28
2026-01-28 14:19:00+00:00,2026-01-28 14:29:00+00:00,BUY,MEC-A,5266.065,5259.325,SL,-1.0,2026-01-28
2026-01-28 14:32:00+00:00,2026-01-28 14:35:00+00:00,SELL,MEC-A,5254.6,5269.995,SL,-1.0,2026-01-28
2026-01-29 14:06:00+00:00,2026-01-29 14:08:00+00:00,BUY,MEC-A,5521.105,5534.397999999999,TP,0.9,2026-01-29
2026-01-30 14:01:00+00:00,2026-01-30 14:12:00+00:00,LONG,MEC-A,5055.095,5041.731,Hedge,-0.2336527029862317,2026-01-30
2026-01-30 14:12:00+00:00,2026-01-30 14:21:00+00:00,SHORT,MEC-A,5041.731,5070.955,Hedge,-0.9196009943673414,2026-01-30
2026-01-30 14:21:00+00:00,2026-01-30 14:33:00+00:00,BUY,MEC-A,5070.955,5095.860699999999,TP,0.9,2026-01-30
2026-02-02 14:03:00+00:00,2026-02-02 14:07:00+00:00,SELL,MEC-A,4704.36,4722.475,SL,-1.0,2026-02-02
2026-02-02 14:12:00+00:00,2026-02-02 14:19:00+00:00,BUY,MEC-A,4728.695,4699.855,SL,-1.0,2026-02-02
2026-02-03 14:15:00+00:00,2026-02-03 14:17:00+00:00,SELL,MEC-A,4915.299,4902.504599999999,TP,0.9,2026-02-03
2026-02-04 14:08:00+00:00,2026-02-04 14:32:00+00:00,SELL,MEC-A,5038.68,5016.283500000001,TP,0.9,2026-02-04
2026-02-06 14:02:00+00:00,2026-02-06 14:05:00+00:00,SELL,MEC-A,4923.08,4930.327,SL,-1.0,2026-02-06
2026-02-06 14:07:00+00:00,2026-02-06 14:23:00+00:00,SELL,MEC-A,4918.02,4904.695500000001,TP,0.9,2026-02-06
2026-02-09 14:01:00+00:00,2026-02-09 14:27:00+00:00,BUY,MEC-A,5012.07,5020.413,TP,0.9,2026-02-09
2026-02-10 14:01:00+00:00,2026-02-10 14:02:00+00:00,SELL,MEC-A,5051.25,5047.366499999999,TP,0.9,2026-02-10
2026-02-11 14:04:00+00:00,2026-02-11 14:23:00+00:00,LONG,MEC-A,5074.615,5071.71,Hedge,-0.18479643765902456,2026-02-11
2026-02-11 14:23:00+00:00,2026-02-11 14:32:00+00:00,SELL,MEC-A,5071.71,5061.137699999999,TP,0.9,2026-02-11
2026-02-12 14:03:00+00:00,2026-02-12 14:14:00+00:00,SELL,MEC-A,5072.106,5061.5184,TP,0.9,2026-02-12
2026-02-17 14:01:00+00:00,2026-02-17 14:31:00+00:00,SHORT,MEC-A,4853.035,4902.625,Hedge,-0.7530294287362945,2026-02-17
2026-02-17 14:31:00+00:00,2026-02-17 14:33:00+00:00,BUY,MEC-A,4902.625,4889.827,SL,-1.0,2026-02-17
2026-02-17 14:33:00+00:00,2026-02-17 14:44:00+00:00,SELL,MEC-A,4888.495,4871.701,TP,0.9,2026-02-17
2026-02-18 14:01:00+00:00,2026-02-18 14:27:00+00:00,BUY,MEC-A,4956.6,4962.798300000001,TP,0.9,2026-02-18
2026-02-19 14:01:00+00:00,2026-02-19 14:07:00+00:00,SELL,MEC-A,4990.145,4982.472500000001,TP,0.9,2026-02-19
2026-02-20 14:02:00+00:00,2026-02-20 14:31:00+00:00,SELL,MEC-A,5042.748,5048.924,SL,-1.0,2026-02-20
2026-02-20 14:31:00+00:00,2026-02-20 14:45:00+00:00,BUY,MEC-A,5048.736,5057.6739,TP,0.9,2026-02-20
2026-02-23 14:03:00+00:00,2026-02-23 14:06:00+00:00,SELL,MEC-A,5147.045,5151.523,SL,-1.0,2026-02-23
2026-02-23 14:06:00+00:00,2026-02-23 14:20:00+00:00,BUY,MEC-A,5151.75,5160.8625,TP,0.9,2026-02-23
2026-02-24 14:04:00+00:00,2026-02-24 14:06:00+00:00,SHORT,MEC-A,5118.2,5124.065,Hedge,-0.3632703623412588,2026-02-24
2026-02-24 14:06:00+00:00,2026-02-24 14:11:00+00:00,LONG,MEC-A,5124.065,5113.76,Hedge,-0.6528349699081075,2026-02-24
2026-02-24 14:11:00+00:00,2026-02-24 14:13:00+00:00,SELL,MEC-A,5113.76,5104.0805,TP,0.9,2026-02-24
2026-02-25 14:05:00+00:00,2026-02-25 14:14:00+00:00,BUY,MEC-A,5189.05,5183.9349999999995,SL,-1.0,2026-02-25
2026-02-25 14:19:00+00:00,2026-02-25 14:28:00+00:00,SELL,MEC-A,5182.79,5175.2165,TP,0.9,2026-02-25
2026-02-26 14:03:00+00:00,2026-02-26 14:22:00+00:00,SHORT,MEC-A,5163.385,5169.45,Hedge,-0.7298435619735224,2026-02-26
2026-02-26 14:22:00+00:00,2026-02-26 14:30:00+00:00,BUY,MEC-A,5169.45,5160.29,SL,-1.0,2026-02-26
2026-02-26 14:30:00+00:00,2026-02-26 14:35:00+00:00,SELL,MEC-A,5145.773,5168.915,SL,-1.0,2026-02-26
2026-03-02 14:01:00+00:00,2026-03-02 14:09:00+00:00,SELL,MEC-A,5385.36,5374.852499999999,TP,0.9,2026-03-02
2026-03-03 14:05:00+00:00,2026-03-03 14:20:00+00:00,BUY,MEC-A,5163.398,5140.824,SL,-1.0,2026-03-03
2026-03-03 14:23:00+00:00,2026-03-03 14:41:00+00:00,SELL,MEC-A,5137.11,5102.4231,TP,0.9,2026-03-03
2026-03-05 14:01:00+00:00,2026-03-05 14:04:00+00:00,SELL,MEC-A,5113.245,5128.908,SL,-1.0,2026-03-05
2026-03-05 14:04:00+00:00,2026-03-05 14:12:00+00:00,BUY,MEC-A,5129.125,5114.915,SL,-1.0,2026-03-05
2026-03-09 13:02:00+00:00,2026-03-09 13:06:00+00:00,BUY,MEC-A,5098.54,5093.471,SL,-1.0,2026-03-09
2026-03-09 13:17:00+00:00,2026-03-09 13:20:00+00:00,LONG,MEC-A,5098.255,5091.025,Hedge,-0.7034442498540863,2026-03-09
2026-03-09 13:20:00+00:00,2026-03-09 13:22:00+00:00,SELL,MEC-A,5091.025,5086.974999999999,TP,0.9,2026-03-09
2026-03-10 13:01:00+00:00,2026-03-10 13:18:00+00:00,BUY,MEC-A,5197.547,5212.8668,TP,0.9,2026-03-10
2026-03-12 13:01:00+00:00,2026-03-12 13:15:00+00:00,LONG,MEC-A,5184.81,5176.93,Hedge,-0.48777468276074215,2026-03-12
2026-03-12 13:15:00+00:00,2026-03-12 13:22:00+00:00,SELL,MEC-A,5176.93,5168.515000000001,TP,0.9,2026-03-12
2026-03-13 13:01:00+00:00,2026-03-13 13:03:00+00:00,BUY,MEC-A,5119.74,5115.355,SL,-1.0,2026-03-13
2026-03-13 13:09:00+00:00,2026-03-13 13:25:00+00:00,SELL,MEC-A,5114.61,5108.471999999999,TP,0.9,2026-03-13
2026-03-16 13:14:00+00:00,2026-03-16 13:16:00+00:00,BUY,MEC-A,5022.51,5030.304,TP,0.9,2026-03-16
2026-03-17 13:01:00+00:00,2026-03-17 13:21:00+00:00,LONG,MEC-A,5015.27,5014.69,Hedge,-0.10441044104424957,2026-03-17
2026-03-17 13:21:00+00:00,2026-03-17 13:32:00+00:00,SELL,MEC-A,5014.69,5019.588,SL,-1.0,2026-03-17
2026-03-17 13:32:00+00:00,2026-03-17 13:51:00+00:00,LONG,MEC-A,5026.172,5016.49,Hedge,-0.8889092912229107,2026-03-17
2026-03-17 13:51:00+00:00,2026-03-17 14:08:00+00:00,SHORT,MEC-A,5016.49,5018.467,Hedge,-0.13154567835516684,2026-03-17
2026-03-17 14:08:00+00:00,2026-03-17 14:15:00+00:00,LONG,MEC-A,5018.467,5015.03,Hedge,-0.3880546460426679,2026-03-17
2026-03-17 14:15:00+00:00,2026-03-17 14:23:00+00:00,SELL,MEC-A,5015.03,5009.918,TP,0.9,2026-03-17
2026-03-18 13:11:00+00:00,2026-03-18 13:39:00+00:00,SHORT,MEC-A,4852.9,4868.0015,Hedge,-0.3884830087721677,2026-03-18
2026-03-18 13:39:00+00:00,2026-03-18 13:42:00+00:00,BUY,MEC-A,4868.0015,4883.6552,TP,0.9,2026-03-18
2026-03-20 13:02:00+00:00,2026-03-20 13:06:00+00:00,SELL,MEC-A,4671.835,4662.799,TP,0.9,2026-03-20
2026-03-23 13:03:00+00:00,2026-03-23 13:19:00+00:00,LONG,MEC-A,4452.08,4423.41,Hedge,-0.3666240409207179,2026-03-23
2026-03-23 13:19:00+00:00,2026-03-23 13:51:00+00:00,SHORT,MEC-A,4423.41,4451.932,Hedge,-0.7807829181494699,2026-03-23
2026-03-23 13:51:00+00:00,2026-03-23 14:15:00+00:00,BUY,MEC-A,4451.932,4480.8535,TP,0.9,2026-03-23
2026-03-24 13:29:00+00:00,2026-03-24 13:47:00+00:00,SHORT,MEC-A,4357.605,4365.295,Hedge,-0.28557635175283286,2026-03-24
2026-03-24 13:47:00+00:00,2026-03-24 13:53:00+00:00,BUY,MEC-A,4365.295,4377.715,TP,0.9,2026-03-24
2026-03-25 13:03:00+00:00,2026-03-25 13:21:00+00:00,LONG,MEC-A,4562.095,4554.6,Hedge,-0.3599903938520494,2026-03-25
2026-03-25 13:21:00+00:00,2026-03-25 13:27:00+00:00,SELL,MEC-A,4554.6,4563.665,SL,-1.0,2026-03-25
2026-03-25 13:27:00+00:00,2026-03-25 13:30:00+00:00,BUY,MEC-A,4563.19,4573.611999999999,TP,0.9,2026-03-25
2026-03-26 13:11:00+00:00,2026-03-26 13:33:00+00:00,LONG,MEC-A,4443.508,4438.62,Hedge,-0.21198716280683153,2026-03-26
2026-03-26 13:33:00+00:00,2026-03-26 13:44:00+00:00,SHORT,MEC-A,4438.62,4453.79,Hedge,-0.9816228808075802,2026-03-26
2026-03-26 13:44:00+00:00,2026-03-26 13:57:00+00:00,LONG,MEC-A,4453.79,4448.81,Hedge,-0.2559095580678085,2026-03-26
2026-03-26 13:57:00+00:00,2026-03-26 13:59:00+00:00,SELL,MEC-A,4448.81,4438.640000000001,TP,0.9,2026-03-26
2026-03-27 13:02:00+00:00,2026-03-27 13:03:00+00:00,BUY,MEC-A,4437.27,4432.691,SL,-1.0,2026-03-27
2026-03-27 13:06:00+00:00,2026-03-27 13:27:00+00:00,SELL,MEC-A,4432.45,4420.669,TP,0.9,2026-03-27
2026-03-30 13:02:00+00:00,2026-03-30 13:05:00+00:00,LONG,MEC-A,4576.815,4567.725,Hedge,-0.7016595908914927,2026-03-30
2026-03-30 13:05:00+00:00,2026-03-30 13:08:00+00:00,SELL,MEC-A,4567.725,4562.1990000000005,TP,0.9,2026-03-30
2026-03-31 13:01:00+00:00,2026-03-31 13:03:00+00:00,SELL,MEC-A,4572.01,4568.878000000001,TP,0.9,2026-03-31
2026-04-01 13:04:00+00:00,2026-04-01 13:27:00+00:00,SHORT,MEC-A,4720.59,4742.28,Hedge,-0.6524289366821979,2026-04-01
2026-04-01 13:27:00+00:00,2026-04-01 13:31:00+00:00,BUY,MEC-A,4742.28,4731.05,SL,-1.0,2026-04-01
2026-04-01 13:35:00+00:00,2026-04-01 13:51:00+00:00,LONG,MEC-A,4742.33,4735.14,Hedge,-0.6295971978983848,2026-04-01
2026-04-01 13:51:00+00:00,2026-04-01 14:03:00+00:00,SHORT,MEC-A,4735.14,4739.84,Hedge,-0.3300561797752732,2026-04-01
2026-04-01 14:03:00+00:00,2026-04-01 14:05:00+00:00,BUY,MEC-A,4739.84,4744.907,TP,0.9,2026-04-01
2026-04-02 13:02:00+00:00,2026-04-02 13:22:00+00:00,SHORT,MEC-A,4582.047,4595.22,Hedge,-0.2939942419711313,2026-04-02
2026-04-02 13:22:00+00:00,2026-04-02 13:23:00+00:00,BUY,MEC-A,4595.22,4585.045,SL,-1.0,2026-04-02
2026-04-02 13:23:00+00:00,2026-04-02 13:27:00+00:00,SELL,MEC-A,4583.02,4595.09,SL,-1.0,2026-04-02
2026-04-06 13:03:00+00:00,2026-04-06 13:05:00+00:00,SELL,MEC-A,4673.7,4670.1062999999995,TP,0.9,2026-04-06
2026-04-07 13:07:00+00:00,2026-04-07 13:22:00+00:00,SHORT,MEC-A,4656.165,4658.46,Hedge,-0.3622730860300015,2026-04-07
2026-04-07 13:22:00+00:00,2026-04-07 13:31:00+00:00,BUY,MEC-A,4658.46,4651.166,SL,-1.0,2026-04-07
2026-04-07 13:31:00+00:00,2026-04-07 13:41:00+00:00,SELL,MEC-A,4651.218,4640.5494,TP,0.9,2026-04-07
2026-04-08 13:02:00+00:00,2026-04-08 13:10:00+00:00,BUY,MEC-A,4806.67,4794.66,SL,-1.0,2026-04-08
2026-04-08 13:10:00+00:00,2026-04-08 13:24:00+00:00,SHORT,MEC-A,4793.45,4797.88,Hedge,-0.33183520599252214,2026-04-08
2026-04-08 13:24:00+00:00,2026-04-08 13:29:00+00:00,BUY,MEC-A,4797.88,4789.73,SL,-1.0,2026-04-08
2026-04-09 13:03:00+00:00,2026-04-09 13:07:00+00:00,SELL,MEC-A,4741.27,4747.55,SL,-1.0,2026-04-09
2026-04-09 13:10:00+00:00,2026-04-09 13:27:00+00:00,LONG,MEC-A,4752.76,4751.986,Hedge,-0.05576368876083111,2026-04-09
2026-04-09 13:27:00+00:00,2026-04-09 13:33:00+00:00,SHORT,MEC-A,4751.986,4757.22,Hedge,-0.7921901014076588,2026-04-09
2026-04-09 13:33:00+00:00,2026-04-09 13:35:00+00:00,BUY,MER,4757.22,4761.2727,TP,0.9,2026-04-09
2026-04-13 13:01:00+00:00,2026-04-13 13:12:00+00:00,BUY,MEC-A,4728.41,4735.2203,TP,0.9,2026-04-13
2026-04-14 13:03:00+00:00,2026-04-14 13:22:00+00:00,BUY,MEC-A,4777.25,4790.705,TP,0.9,2026-04-14
2026-04-15 13:06:00+00:00,2026-04-15 13:21:00+00:00,BUY,MEC-A,4814.416,4819.6819000000005,TP,0.9,2026-04-15
2026-04-16 13:01:00+00:00,2026-04-16 13:08:00+00:00,LONG,MEC-A,4821.21,4815.655,Hedge,-0.8612403100775888,2026-04-16
2026-04-16 13:08:00+00:00,2026-04-16 13:34:00+00:00,SHORT,MEC-A,4815.655,4821.93,Hedge,-0.8377837116154828,2026-04-16
2026-04-16 13:34:00+00:00,2026-04-16 13:41:00+00:00,BUY,MEC-A,4821.93,4815.985,SL,-1.0,2026-04-16
2026-04-16 13:46:00+00:00,2026-04-16 13:47:00+00:00,BUY,MEC-A,4819.29,4813.365,SL,-1.0,2026-04-16
2026-04-17 13:04:00+00:00,2026-04-17 13:10:00+00:00,BUY,MEC-A,4844.43,4864.7385,TP,0.9,2026-04-17
2026-04-21 13:02:00+00:00,2026-04-21 13:05:00+00:00,BUY,MEC-A,4783.599,4776.305,SL,-1.0,2026-04-21
2026-04-21 13:05:00+00:00,2026-04-21 13:06:00+00:00,SELL,MEC-A,4775.93,4769.963,TP,0.9,2026-04-21
2026-04-22 13:02:00+00:00,2026-04-22 13:09:00+00:00,SELL,MEC-A,4740.585,4747.225,SL,-1.0,2026-04-22
2026-04-22 13:15:00+00:00,2026-04-22 13:30:00+00:00,SELL,MEC-A,4741.125,4750.84,SL,-1.0,2026-04-22
2026-04-23 13:01:00+00:00,2026-04-23 13:16:00+00:00,SHORT,MEC-A,4731.575,4730.105,Hedge,0.13309189678589814,2026-04-23
2026-04-23 13:16:00+00:00,2026-04-23 13:27:00+00:00,BUY,MEC-A,4730.105,4726.28,SL,-1.0,2026-04-23
2026-04-23 13:32:00+00:00,2026-04-23 13:51:00+00:00,BUY,MEC-A,4732.03,4739.2435,TP,0.9,2026-04-23
2026-04-24 13:02:00+00:00,2026-04-24 13:11:00+00:00,SHORT,MEC-A,4699.49,4703.764999999999,Hedge,-0.3496932515337022,2026-04-24
2026-04-24 13:11:00+00:00,2026-04-24 13:21:00+00:00,LONG,MEC-A,4703.764999999999,4699.084999999999,Hedge,-0.6198675496689725,2026-04-24
2026-04-24 13:21:00+00:00,2026-04-24 13:31:00+00:00,SELL,MEC-A,4699.084999999999,4693.113499999998,TP,0.9,2026-04-24
2026-04-27 13:01:00+00:00,2026-04-27 13:16:00+00:00,SHORT,MEC-A,4695.52,4700.665,Hedge,-0.5697674418604288,2026-04-27
2026-04-27 13:16:00+00:00,2026-04-27 13:30:00+00:00,LONG,MEC-A,4700.665,4697.915,Hedge,-0.3795721187025592,2026-04-27
2026-04-27 13:30:00+00:00,2026-04-27 13:35:00+00:00,SELL,MEC-A,4697.915,4692.8525,TP,0.9,2026-04-27
2026-04-29 13:03:00+00:00,2026-04-29 13:20:00+00:00,SELL,MEC-A,4550.53,4541.889999999999,TP,0.9,2026-04-29
2026-04-30 13:02:00+00:00,2026-04-30 13:23:00+00:00,LONG,MEC-A,4643.115,4635.67,Hedge,-0.4342373869932875,2026-04-30
2026-04-30 13:23:00+00:00,2026-04-30 13:36:00+00:00,SELL,MEC-A,4635.67,4626.202,TP,0.9,2026-04-30
2026-05-01 13:09:00+00:00,2026-05-01 13:13:00+00:00,BUY,MEC-A,4596.2,4591.92,SL,-1.0,2026-05-01
2026-05-01 13:13:00+00:00,2026-05-01 13:32:00+00:00,SHORT,MEC-A,4591.135,4595.635,Hedge,-0.9003601440576965,2026-05-01
2026-05-01 13:32:00+00:00,2026-05-01 13:36:00+00:00,BUY,MEC-A,4595.635,4602.8395,TP,0.9,2026-05-01
2026-05-04 13:02:00+00:00,2026-05-04 13:10:00+00:00,SELL,MEC-A,4563.35,4576.09,SL,-1.0,2026-05-04
2026-05-04 13:21:00+00:00,2026-05-04 13:30:00+00:00,SELL,MEC-A,4562.945,4558.5764,TP,0.9,2026-05-04
2026-05-05 13:02:00+00:00,2026-05-05 13:08:00+00:00,BUY,MEC-A,4570.775,4578.8345,TP,0.9,2026-05-05
2026-05-06 13:01:00+00:00,2026-05-06 13:08:00+00:00,BUY,MEC-A,4691.655,4676.99,SL,-1.0,2026-05-06
2026-05-06 13:31:00+00:00,2026-05-06 13:32:00+00:00,BUY,MEC-A,4687.55,4692.0185,TP,0.9,2026-05-06
2026-05-07 13:03:00+00:00,2026-05-07 13:13:00+00:00,SELL,MEC-A,4741.345,4733.2495,TP,0.9,2026-05-07
2026-05-11 13:02:00+00:00,2026-05-11 13:16:00+00:00,BUY,MEC-A,4706.725,4725.1597,TP,0.9,2026-05-11
2026-05-13 13:02:00+00:00,2026-05-13 13:31:00+00:00,LONG,MEC-A,4689.58,4685.645,Hedge,-0.36672879776324796,2026-05-13
2026-05-13 13:31:00+00:00,2026-05-13 13:36:00+00:00,SELL,MEC-A,4685.645,4677.437000000001,TP,0.9,2026-05-13
2026-05-14 13:01:00+00:00,2026-05-14 13:03:00+00:00,SELL,MEC-A,4700.346,4696.502099999999,TP,0.9,2026-05-14
2026-05-15 13:01:00+00:00,2026-05-15 13:18:00+00:00,SHORT,MEC-A,4540.38,4553.26,Hedge,-0.8351163846203915,2026-05-15
2026-05-15 13:18:00+00:00,2026-05-15 13:37:00+00:00,BUY,MEC-A,4553.26,4536.17,SL,-1.0,2026-05-15
2026-05-15 13:37:00+00:00,2026-05-15 14:12:00+00:00,SHORT,MEC-A,4528.15,4546.0,Hedge,-0.6035502958579856,2026-05-15
2026-05-15 14:12:00+00:00,2026-05-15 14:19:00+00:00,BUY,MEC-A,4546.0,4556.9665,TP,0.9,2026-05-15
2026-05-18 13:20:00+00:00,2026-05-18 13:26:00+00:00,BUY,MEC-A,4568.81,4574.966,TP,0.9,2026-05-18
2026-05-19 13:02:00+00:00,2026-05-19 13:05:00+00:00,SELL,MEC-A,4530.985,4521.3018999999995,TP,0.9,2026-05-19
2026-05-20 13:01:00+00:00,2026-05-20 13:13:00+00:00,SHORT,MEC-A,4495.351,4502.401,Hedge,-0.7873576055393884,2026-05-20
2026-05-20 13:13:00+00:00,2026-05-20 13:21:00+00:00,LONG,MEC-A,4502.401,4497.65,Hedge,-0.5605238319962713,2026-05-20
2026-05-20 13:21:00+00:00,2026-05-20 13:29:00+00:00,SELL,MEC-A,4497.65,4489.905499999999,TP,0.9,2026-05-20
2026-05-21 13:03:00+00:00,2026-05-21 13:15:00+00:00,SELL,MEC-A,4508.1165,4499.04585,TP,0.9,2026-05-21
2026-05-22 13:03:00+00:00,2026-05-22 13:09:00+00:00,BUY,MEC-A,4524.91,4531.498,TP,0.9,2026-05-22
2026-05-27 13:04:00+00:00,2026-05-27 13:07:00+00:00,SELL,MEC-A,4432.15,4418.744499999999,TP,0.9,2026-05-27
2026-05-28 13:05:00+00:00,2026-05-28 13:08:00+00:00,LONG,MEC-A,4436.915,4428.195,Hedge,-0.221657346212512,2026-05-28
2026-05-28 13:08:00+00:00,2026-05-28 13:33:00+00:00,SELL,MEC-A,4428.195,4421.4126,TP,0.9,2026-05-28
2026-05-29 13:07:00+00:00,2026-05-29 13:38:00+00:00,BUY,MEC-A,4525.195,4532.449,TP,0.9,2026-05-29
2026-06-02 13:07:00+00:00,2026-06-02 13:08:00+00:00,SELL,MEC-A,4520.285,4513.8913999999995,TP,0.9,2026-06-02
2026-06-03 13:01:00+00:00,2026-06-03 13:16:00+00:00,LONG,MEC-A,4461.485,4459.69,Hedge,-0.3014273719563551,2026-06-03
2026-06-03 13:16:00+00:00,2026-06-03 13:20:00+00:00,SELL,MEC-A,4459.69,4453.992999999999,TP,0.9,2026-06-03
2026-06-04 13:01:00+00:00,2026-06-04 13:53:00+00:00,LONG,MEC-A,4510.11,4503.03,Hedge,-0.6421768707483139,2026-06-04
2026-06-04 13:53:00+00:00,2026-06-04 14:08:00+00:00,SELL,MEC-A,4503.03,4491.8025,TP,0.9,2026-06-04
2026-06-09 13:17:00+00:00,2026-06-09 13:21:00+00:00,SELL,MEC-A,4337.485,4332.188499999999,TP,0.9,2026-06-09
2026-06-11 13:02:00+00:00,2026-06-11 13:13:00+00:00,BUY,MEC-A,4084.88,4076.98,SL,-1.0,2026-06-11
2026-06-11 13:13:00+00:00,2026-06-11 13:36:00+00:00,SHORT,MEC-A,4074.915,4080.265,Hedge,-0.473032714412019,2026-06-11
2026-06-11 13:36:00+00:00,2026-06-11 13:38:00+00:00,BUY,MEC-A,4080.265,4072.19,SL,-1.0,2026-06-11
2026-06-12 13:07:00+00:00,2026-06-12 13:40:00+00:00,LONG,MEC-A,4200.35,4191.265,Hedge,-0.7768277041470334,2026-06-12
2026-06-12 13:40:00+00:00,2026-06-12 14:03:00+00:00,SHORT,MEC-A,4191.265,4195.735,Hedge,-0.2872750642673195,2026-06-12
2026-06-12 14:03:00+00:00,2026-06-12 14:21:00+00:00,LONG,MEC-A,4195.735,4185.77,Hedge,-0.8184804928131278,2026-06-12
2026-06-12 14:21:00+00:00,2026-06-12 14:52:00+00:00,SELL,MEC-A,4185.77,4199.63,SL,-1.0,2026-06-12
2026-06-12 14:52:00+00:00,2026-06-12 14:59:00+00:00,LONG,MEC-A,4195.212,4204.1,EOD,0.49482240285044543,2026-06-12
2026-06-15 13:06:00+00:00,2026-06-15 13:13:00+00:00,SELL,MEC-A,4342.475,4349.41,SL,-1.0,2026-06-15
2026-06-15 13:15:00+00:00,2026-06-15 13:32:00+00:00,BUY,MEC-A,4352.231,4361.2499,TP,0.9,2026-06-15
2026-06-16 13:16:00+00:00,2026-06-16 14:17:00+00:00,SELL,MEC-A,4341.06,4328.410500000001,TP,0.9,2026-06-16
2026-06-18 13:05:00+00:00,2026-06-18 13:11:00+00:00,BUY,MEC-A,4249.125,4256.4672,TP,0.9,2026-06-18
2026-06-22 13:01:00+00:00,2026-06-22 13:46:00+00:00,SHORT,MEC-A,4192.14,4196.74,Hedge,-0.32566371681412065,2026-06-22
2026-06-22 13:46:00+00:00,2026-06-22 13:54:00+00:00,BUY,MEC-A,4196.74,4204.970499999999,TP,0.9,2026-06-22
2026-06-23 13:11:00+00:00,2026-06-23 13:23:00+00:00,SHORT,MEC-A,4113.06,4114.715,Hedge,-0.1864998873112219,2026-06-23
2026-06-23 13:23:00+00:00,2026-06-23 13:32:00+00:00,BUY,MEC-A,4114.715,4122.077,TP,0.9,2026-06-23
2026-06-24 13:01:00+00:00,2026-06-24 13:30:00+00:00,SHORT,MEC-A,3972.69,3979.775,Hedge,-0.1986318652050818,2026-06-24
2026-06-24 13:30:00+00:00,2026-06-24 13:32:00+00:00,BUY,MEC-A,3979.775,3993.3515,TP,0.9,2026-06-24
2026-06-25 13:01:00+00:00,2026-06-25 13:18:00+00:00,LONG,MEC-A,4027.86,4023.815,Hedge,-0.11336247968163346,2026-06-25
2026-06-25 13:18:00+00:00,2026-06-25 13:33:00+00:00,SELL,MEC-A,4023.815,4014.698,TP,0.9,2026-06-25
2026-06-26 13:18:00+00:00,2026-06-26 13:44:00+00:00,SHORT,MEC-A,4045.03,4062.235,Hedge,-0.8155961128229481,2026-06-26
2026-06-26 13:44:00+00:00,2026-06-26 13:58:00+00:00,BUY,MEC-A,4062.235,4077.6124000000004,TP,0.9,2026-06-26
2026-06-30 13:04:00+00:00,2026-06-30 13:09:00+00:00,BUY,MEC-A,4016.54,4023.5015000000003,TP,0.9,2026-06-30
2026-07-01 13:02:00+00:00,2026-07-01 13:17:00+00:00,SELL,MEC-A,4019.52,4029.14,SL,-1.0,2026-07-01
2026-07-01 13:17:00+00:00,2026-07-01 13:24:00+00:00,BUY,MEC-A,4030.13,4045.6145,TP,0.9,2026-07-01
2026-07-06 13:06:00+00:00,2026-07-06 13:14:00+00:00,LONG,MEC-A,4146.19,4141.32,Hedge,-0.5310796074155218,2026-07-06
2026-07-06 13:14:00+00:00,2026-07-06 13:23:00+00:00,SELL,MEC-A,4141.32,4148.5,SL,-1.0,2026-07-06
2026-07-06 13:34:00+00:00,2026-07-06 13:46:00+00:00,LONG,MEC-A,4149.19,4142.585,Hedge,-0.9154539154539518,2026-07-06
2026-07-06 13:46:00+00:00,2026-07-06 14:07:00+00:00,SELL,MEC-A,4142.585,4135.817000000001,TP,0.9,2026-07-06
2026-07-07 13:04:00+00:00,2026-07-07 13:20:00+00:00,SHORT,MEC-A,4165.82,4172.21,Hedge,-0.5059382422803066,2026-07-07
2026-07-07 13:20:00+00:00,2026-07-07 13:24:00+00:00,LONG,MEC-A,4172.21,4166.05,Hedge,-0.5082508250825009,2026-07-07
2026-07-07 13:24:00+00:00,2026-07-07 13:36:00+00:00,SELL,MEC-A,4166.05,4172.42,SL,-1.0,2026-07-07
2026-07-07 13:36:00+00:00,2026-07-07 13:51:00+00:00,LONG,MEC-A,4178.5,4170.69,Hedge,-0.5463448758307352,2026-07-07
2026-07-07 13:51:00+00:00,2026-07-07 13:56:00+00:00,SELL,MEC-A,4170.69,4161.7665,TP,0.9,2026-07-07
2026-07-09 13:08:00+00:00,2026-07-09 13:16:00+00:00,BUY,MEC-A,4116.56,4125.389000000001,TP,0.9,2026-07-09
2026-07-10 13:01:00+00:00,2026-07-10 13:04:00+00:00,BUY,MEC-A,4104.935,4099.27,SL,-1.0,2026-07-10
2026-07-10 13:09:00+00:00,2026-07-10 13:18:00+00:00,LONG,MEC-A,4105.83,4101.14,Hedge,-0.6652482269502806,2026-07-10
2026-07-10 13:18:00+00:00,2026-07-10 13:26:00+00:00,SELL,MEC-A,4101.14,4096.0775,TP,0.9,2026-07-10
2026-07-13 13:03:00+00:00,2026-07-13 13:28:00+00:00,SHORT,MEC-A,4061.805,4065.025,Hedge,-0.5371142618849156,2026-07-13
2026-07-13 13:28:00+00:00,2026-07-13 13:33:00+00:00,BUY,MEC-A,4065.025,4060.875,SL,-1.0,2026-07-13
2026-07-13 13:33:00+00:00,2026-07-13 13:49:00+00:00,SELL,MEC-A,4057.945,4050.574,TP,0.9,2026-07-13
2026-07-16 13:02:00+00:00,2026-07-16 13:24:00+00:00,SHORT,MEC-A,3978.8,3999.12,Hedge,-0.8590150073980101,2026-07-16
2026-07-16 13:24:00+00:00,2026-07-16 13:29:00+00:00,BUY,MEC-A,3999.12,4006.122,TP,0.9,2026-07-16
2026-07-20 13:31:00+00:00,2026-07-20 13:53:00+00:00,LONG,MEC-A,4013.38,4008.61,Hedge,-0.7553444180522472,2026-07-20
2026-07-20 13:53:00+00:00,2026-07-20 14:10:00+00:00,SELL,MEC-A,4008.61,4000.6270000000004,TP,0.9,2026-07-20
2026-07-21 13:09:00+00:00,2026-07-21 13:21:00+00:00,SELL,MEC-A,4057.69,4053.5095,TP,0.9,2026-07-21
2026-07-22 13:07:00+00:00,2026-07-22 13:09:00+00:00,SELL,MEC-A,4118.215,4120.74,SL,-1.0,2026-07-22
2026-07-22 13:09:00+00:00,2026-07-22 13:14:00+00:00,BUY,MEC-A,4121.285,4125.0244999999995,TP,0.9,2026-07-22
2026-07-23 13:01:00+00:00,2026-07-23 13:10:00+00:00,SELL,MEC-A,4055.88,4044.7515000000003,TP,0.9,2026-07-23
2026-07-24 13:05:00+00:00,2026-07-24 13:31:00+00:00,SHORT,MEC-A,4050.61,4049.725,Hedge,0.1116719242902522,2026-07-24
2026-07-24 13:31:00+00:00,2026-07-24 13:37:00+00:00,BUY,MEC-A,4049.725,4054.0045,TP,0.9,2026-07-24
2026-07-28 13:15:00+00:00,2026-07-28 13:22:00+00:00,SELL,MEC-A,4030.875,4035.66,SL,-1.0,2026-07-28
2026-07-28 13:29:00+00:00,2026-07-28 13:38:00+00:00,SELL,MEC-A,4029.115,4022.7609999999995,TP,0.9,2026-07-28
2026-07-29 13:03:00+00:00,2026-07-29 13:08:00+00:00,SELL,MEC-A,4019.87,4016.3105,TP,0.9,2026-07-29
2026-07-30 13:07:00+00:00,2026-07-30 13:37:00+00:00,BUY,MEC-A,4076.02,4085.7175,TP,0.9,2026-07-30
2026-07-31 13:05:00+00:00,2026-07-31 13:21:00+00:00,SHORT,MEC-A,4036.88,4039.575,Hedge,-0.2811684924360666,2026-07-31
2026-07-31 13:21:00+00:00,2026-07-31 13:22:00+00:00,BUY,MEC-A,4039.575,4043.832,TP,0.9,2026-07-31
2026-08-03 13:02:00+00:00,2026-08-03 13:17:00+00:00,SELL,MEC-A,4041.8,4037.4170000000004,TP,0.9,2026-08-03
2026-08-05 13:11:00+00:00,2026-08-05 13:18:00+00:00,SELL,MEC-A,4191.465,4186.263000000001,TP,0.9,2026-08-05
2026-08-06 13:04:00+00:00,2026-08-06 13:09:00+00:00,SELL,MEC-A,4252.395,4235.880000000001,TP,0.9,2026-08-06
2026-08-10 13:02:00+00:00,2026-08-10 13:11:00+00:00,SELL,MEC-A,4326.945,4335.72,SL,-1.0,2026-08-10
2026-08-10 13:11:00+00:00,2026-08-10 13:46:00+00:00,LONG,MEC-A,4336.92,4327.4,Hedge,-0.8802588996763743,2026-08-10
2026-08-10 13:46:00+00:00,2026-08-10 14:10:00+00:00,SHORT,MEC-A,4327.4,4325.97,Hedge,0.11349206349201113,2026-08-10
2026-08-10 14:10:00+00:00,2026-08-10 14:13:00+00:00,BUY,MEC-A,4325.97,4329.673500000001,TP,0.9,2026-08-10
2026-08-11 14:02:00+00:00,2026-08-11 14:16:00+00:00,SHORT,MEC-A,4385.34,4387.44,Hedge,-0.2205882352940713,2026-08-11
2026-08-11 14:16:00+00:00,2026-08-11 14:23:00+00:00,BUY,MEC-A,4387.44,4382.765,SL,-1.0,2026-08-11
2026-08-11 14:25:00+00:00,2026-08-11 14:34:00+00:00,SELL,MEC-A,4382.095,4390.345,SL,-1.0,2026-08-11
2026-08-14 13:03:00+00:00,2026-08-14 13:14:00+00:00,LONG,MEC-A,4378.775,4375.1849999999995,Hedge,-0.5813765182187155,2026-08-14
2026-08-14 13:14:00+00:00,2026-08-14 13:17:00+00:00,SELL,MEC-A,4375.1849999999995,4380.29,SL,-1.0,2026-08-14
2026-08-14 13:23:00+00:00,2026-08-14 13:35:00+00:00,BUY,MEC-A,4384.735000000001,4393.564000000001,TP,0.9,2026-08-14
2026-08-18 13:02:00+00:00,2026-08-18 13:04:00+00:00,SELL,MEC-B,4391.17,4397.030000000001,SL,-1.0,2026-08-18
2026-08-18 13:16:00+00:00,2026-08-18 13:30:00+00:00,SELL,MEC-A,4389.2,4381.743499999999,TP,0.9,2026-08-18
2026-08-19 13:07:00+00:00,2026-08-19 13:12:00+00:00,BUY,MEC-A,4432.33,4451.1714999999995,TP,0.9,2026-08-19
2026-08-20 13:01:00+00:00,2026-08-20 14:19:00+00:00,LONG,MEC-A,4483.705,4482.110000000001,Hedge,-0.049114703618147106,2026-08-20
2026-08-20 14:19:00+00:00,2026-08-20 14:21:00+00:00,SELL,MEC-A,4482.110000000001,4489.174999999999,SL,-1.0,2026-08-20
2026-08-20 14:23:00+00:00,2026-08-20 14:35:00+00:00,BUY,MEC-A,4491.43,4498.288000000001,TP,0.9,2026-08-20
2026-08-21 13:02:00+00:00,2026-08-21 13:33:00+00:00,LONG,MEC-A,4584.005,4577.16,Hedge,-0.33414693678302976,2026-08-21
2026-08-21 13:33:00+00:00,2026-08-21 13:37:00+00:00,SELL,MEC-A,4577.16,4586.92,SL,-1.0,2026-08-21
2026-08-21 13:37:00+00:00,2026-08-21 13:52:00+00:00,BUY,MER,4587.735000000001,4581.639999999999,SL,-1.0,2026-08-21
2026-08-24 13:01:00+00:00,2026-08-24 13:11:00+00:00,BUY,MEC-A,4666.045,4676.4130000000005,TP,0.9,2026-08-24
2026-08-25 13:07:00+00:00,2026-08-25 13:23:00+00:00,SELL,MEC-A,4628.98,4617.531999999998,TP,0.9,2026-08-25
2026-08-26 13:03:00+00:00,2026-08-26 13:16:00+00:00,SELL,MEC-A,4613.32,4601.5165,TP,0.9,2026-08-26
2026-08-27 13:06:00+00:00,2026-08-27 13:25:00+00:00,SHORT,MEC-A,4587.69,4589.745,Hedge,-0.2252054794520867,2026-08-27
2026-08-27 13:25:00+00:00,2026-08-27 13:32:00+00:00,BUY,MEC-A,4589.745,4583.12,SL,-1.0,2026-08-27
2026-08-27 13:32:00+00:00,2026-08-27 13:38:00+00:00,SELL,MEC-A,4583.505,4574.6265,TP,0.9,2026-08-27
