t_entrada,R,direccion,t_ny,hora_ny
2025-10-27 04:18:00+00:00,0.9,1,2025-10-27 00:18:00-04:00,0
2025-10-27 04:25:00+00:00,0.9,1,2025-10-27 00:25:00-04:00,0
2025-10-27 05:13:00+00:00,0.9,1,2025-10-27 01:13:00-04:00,1
2025-10-27 05:26:00+00:00,-1.0,1,2025-10-27 01:26:00-04:00,1
2025-10-27 07:21:00+00:00,0.9,-1,2025-10-27 03:21:00-04:00,3
2025-10-27 08:22:00+00:00,0.9,-1,2025-10-27 04:22:00-04:00,4
2025-10-27 08:53:00+00:00,0.9,-1,2025-10-27 04:53:00-04:00,4
2025-10-27 11:34:00+00:00,0.9,-1,2025-10-27 07:34:00-04:00,7
2025-10-27 11:37:00+00:00,-1.0,-1,2025-10-27 07:37:00-04:00,7
2025-10-27 11:47:00+00:00,0.9,1,2025-10-27 07:47:00-04:00,7
2025-10-27 12:49:00+00:00,-1.0,1,2025-10-27 08:49:00-04:00,8
2025-10-27 13:30:00+00:00,0.9,-1,2025-10-27 09:30:00-04:00,9
2025-10-27 14:03:00+00:00,0.9,-1,2025-10-27 10:03:00-04:00,10
2025-10-27 14:16:00+00:00,0.9,-1,2025-10-27 10:16:00-04:00,10
2025-10-27 14:37:00+00:00,-1.0,-1,2025-10-27 10:37:00-04:00,10
2025-10-27 17:28:00+00:00,-1.0,1,2025-10-27 13:28:00-04:00,13
2025-10-27 23:17:00+00:00,0.9,1,2025-10-27 19:17:00-04:00,19
2025-10-27 23:21:00+00:00,-1.0,1,2025-10-27 19:21:00-04:00,19
2025-10-28 00:19:00+00:00,-1.0,-1,2025-10-27 20:19:00-04:00,20
2025-10-28 00:46:00+00:00,0.9,1,2025-10-27 20:46:00-04:00,20
2025-10-28 00:51:00+00:00,-1.0,1,2025-10-27 20:51:00-04:00,20
2025-10-28 02:37:00+00:00,0.9,-1,2025-10-27 22:37:00-04:00,22
2025-10-28 02:59:00+00:00,-1.0,-1,2025-10-27 22:59:00-04:00,22
2025-10-28 03:26:00+00:00,-1.0,1,2025-10-27 23:26:00-04:00,23
2025-10-28 03:48:00+00:00,-1.0,1,2025-10-27 23:48:00-04:00,23
2025-10-28 04:16:00+00:00,0.9,-1,2025-10-28 00:16:00-04:00,0
2025-10-28 04:26:00+00:00,0.9,-1,2025-10-28 00:26:00-04:00,0
2025-10-28 06:38:00+00:00,0.9,-1,2025-10-28 02:38:00-04:00,2
2025-10-28 06:50:00+00:00,0.9,-1,2025-10-28 02:50:00-04:00,2
2025-10-28 07:20:00+00:00,0.9,-1,2025-10-28 03:20:00-04:00,3
2025-10-28 08:20:00+00:00,0.9,-1,2025-10-28 04:20:00-04:00,4
2025-10-28 08:46:00+00:00,0.9,-1,2025-10-28 04:46:00-04:00,4
2025-10-28 09:05:00+00:00,-1.0,-1,2025-10-28 05:05:00-04:00,5
2025-10-28 09:44:00+00:00,-1.0,1,2025-10-28 05:44:00-04:00,5
2025-10-28 09:55:00+00:00,-1.0,-1,2025-10-28 05:55:00-04:00,5
2025-10-28 10:32:00+00:00,0.9,1,2025-10-28 06:32:00-04:00,6
2025-10-28 10:49:00+00:00,0.9,1,2025-10-28 06:49:00-04:00,6
2025-10-28 10:53:00+00:00,-1.0,1,2025-10-28 06:53:00-04:00,6
2025-10-28 11:05:00+00:00,-1.0,-1,2025-10-28 07:05:00-04:00,7
2025-10-28 11:42:00+00:00,-1.0,1,2025-10-28 07:42:00-04:00,7
2025-10-28 12:29:00+00:00,0.9,-1,2025-10-28 08:29:00-04:00,8
2025-10-28 12:45:00+00:00,-1.0,-1,2025-10-28 08:45:00-04:00,8
2025-10-28 13:03:00+00:00,0.9,1,2025-10-28 09:03:00-04:00,9
2025-10-28 14:11:00+00:00,0.9,1,2025-10-28 10:11:00-04:00,10
2025-10-28 14:26:00+00:00,0.9,1,2025-10-28 10:26:00-04:00,10
2025-10-28 15:11:00+00:00,0.9,1,2025-10-28 11:11:00-04:00,11
2025-10-28 15:36:00+00:00,0.9,1,2025-10-28 11:36:00-04:00,11
2025-10-28 15:50:00+00:00,-1.0,1,2025-10-28 11:50:00-04:00,11
2025-10-28 16:02:00+00:00,0.9,-1,2025-10-28 12:02:00-04:00,12
2025-10-28 16:08:00+00:00,-1.0,-1,2025-10-28 12:08:00-04:00,12
2025-10-28 17:14:00+00:00,-1.0,1,2025-10-28 13:14:00-04:00,13
2025-10-28 17:51:00+00:00,0.9,-1,2025-10-28 13:51:00-04:00,13
2025-10-28 18:32:00+00:00,-1.0,-1,2025-10-28 14:32:00-04:00,14
2025-10-28 19:53:00+00:00,-1.0,1,2025-10-28 15:53:00-04:00,15
2025-10-28 23:19:00+00:00,0.9,1,2025-10-28 19:19:00-04:00,19
2025-10-28 23:48:00+00:00,0.9,1,2025-10-28 19:48:00-04:00,19
2025-10-28 23:56:00+00:00,0.9,1,2025-10-28 19:56:00-04:00,19
2025-10-29 00:39:00+00:00,-1.0,1,2025-10-28 20:39:00-04:00,20
2025-10-29 02:29:00+00:00,0.9,-1,2025-10-28 22:29:00-04:00,22
2025-10-29 02:33:00+00:00,0.9,-1,2025-10-28 22:33:00-04:00,22
2025-10-29 02:42:00+00:00,0.9,1,2025-10-28 22:42:00-04:00,22
2025-10-29 03:22:00+00:00,0.9,1,2025-10-28 23:22:00-04:00,23
2025-10-29 03:53:00+00:00,0.9,-1,2025-10-28 23:53:00-04:00,23
2025-10-29 03:58:00+00:00,0.9,-1,2025-10-28 23:58:00-04:00,23
2025-10-29 04:13:00+00:00,-1.0,-1,2025-10-29 00:13:00-04:00,0
2025-10-29 06:08:00+00:00,0.9,1,2025-10-29 02:08:00-04:00,2
2025-10-29 06:43:00+00:00,0.9,1,2025-10-29 02:43:00-04:00,2
2025-10-29 07:13:00+00:00,0.9,1,2025-10-29 03:13:00-04:00,3
2025-10-29 08:05:00+00:00,0.9,1,2025-10-29 04:05:00-04:00,4
2025-10-29 09:47:00+00:00,-1.0,1,2025-10-29 05:47:00-04:00,5
2025-10-29 11:36:00+00:00,-1.0,-1,2025-10-29 07:36:00-04:00,7
2025-10-29 12:14:00+00:00,-1.0,1,2025-10-29 08:14:00-04:00,8
2025-10-29 13:04:00+00:00,0.9,-1,2025-10-29 09:04:00-04:00,9
2025-10-29 13:38:00+00:00,0.9,-1,2025-10-29 09:38:00-04:00,9
2025-10-29 15:51:00+00:00,0.9,-1,2025-10-29 11:51:00-04:00,11
2025-10-29 18:35:00+00:00,0.9,-1,2025-10-29 14:35:00-04:00,14
2025-10-29 18:36:00+00:00,0.9,-1,2025-10-29 14:36:00-04:00,14
2025-10-29 22:02:00+00:00,0.9,-1,2025-10-29 18:02:00-04:00,18
2025-10-29 22:10:00+00:00,0.9,1,2025-10-29 18:10:00-04:00,18
2025-10-29 23:22:00+00:00,-1.0,1,2025-10-29 19:22:00-04:00,19
2025-10-29 23:45:00+00:00,-1.0,-1,2025-10-29 19:45:00-04:00,19
2025-10-29 23:49:00+00:00,0.9,1,2025-10-29 19:49:00-04:00,19
2025-10-30 00:01:00+00:00,-1.0,1,2025-10-29 20:01:00-04:00,20
2025-10-30 00:42:00+00:00,0.9,-1,2025-10-29 20:42:00-04:00,20
2025-10-30 00:49:00+00:00,-1.0,-1,2025-10-29 20:49:00-04:00,20
2025-10-30 00:55:00+00:00,-1.0,1,2025-10-29 20:55:00-04:00,20
2025-10-30 02:03:00+00:00,0.9,-1,2025-10-29 22:03:00-04:00,22
2025-10-30 02:10:00+00:00,-1.0,-1,2025-10-29 22:10:00-04:00,22
2025-10-30 04:21:00+00:00,0.9,1,2025-10-30 00:21:00-04:00,0
2025-10-30 04:34:00+00:00,0.9,1,2025-10-30 00:34:00-04:00,0
2025-10-30 12:15:00+00:00,-1.0,1,2025-10-30 08:15:00-04:00,8
2025-10-30 12:29:00+00:00,-1.0,-1,2025-10-30 08:29:00-04:00,8
2025-10-30 13:53:00+00:00,0.9,1,2025-10-30 09:53:00-04:00,9
2025-10-30 14:13:00+00:00,-1.0,1,2025-10-30 10:13:00-04:00,10
2025-10-30 14:45:00+00:00,-1.0,-1,2025-10-30 10:45:00-04:00,10
2025-10-30 17:43:00+00:00,0.9,1,2025-10-30 13:43:00-04:00,13
2025-10-30 17:52:00+00:00,-1.0,1,2025-10-30 13:52:00-04:00,13
2025-10-30 18:04:00+00:00,-1.0,-1,2025-10-30 14:04:00-04:00,14
2025-10-30 18:28:00+00:00,0.9,1,2025-10-30 14:28:00-04:00,14
2025-10-30 20:00:00+00:00,0.9,1,2025-10-30 16:00:00-04:00,16
2025-10-30 22:50:00+00:00,-1.0,1,2025-10-30 18:50:00-04:00,18
2025-10-30 23:15:00+00:00,-1.0,-1,2025-10-30 19:15:00-04:00,19
2025-10-30 23:45:00+00:00,0.9,1,2025-10-30 19:45:00-04:00,19
2025-10-30 23:55:00+00:00,-1.0,1,2025-10-30 19:55:00-04:00,19
2025-10-31 00:03:00+00:00,0.9,-1,2025-10-30 20:03:00-04:00,20
2025-10-31 01:00:00+00:00,-1.0,-1,2025-10-30 21:00:00-04:00,21
2025-10-31 01:08:00+00:00,-1.0,1,2025-10-30 21:08:00-04:00,21
2025-10-31 01:53:00+00:00,0.9,-1,2025-10-30 21:53:00-04:00,21
2025-10-31 02:01:00+00:00,0.9,-1,2025-10-30 22:01:00-04:00,22
2025-10-31 02:35:00+00:00,-1.0,-1,2025-10-30 22:35:00-04:00,22
2025-10-31 02:51:00+00:00,-1.0,1,2025-10-30 22:51:00-04:00,22
2025-10-31 03:12:00+00:00,0.9,-1,2025-10-30 23:12:00-04:00,23
2025-10-31 03:13:00+00:00,-1.0,-1,2025-10-30 23:13:00-04:00,23
2025-10-31 05:09:00+00:00,-1.0,-1,2025-10-31 01:09:00-04:00,1
2025-10-31 05:29:00+00:00,0.9,1,2025-10-31 01:29:00-04:00,1
2025-10-31 05:46:00+00:00,0.9,1,2025-10-31 01:46:00-04:00,1
2025-10-31 07:28:00+00:00,-1.0,1,2025-10-31 03:28:00-04:00,3
2025-10-31 08:54:00+00:00,-1.0,-1,2025-10-31 04:54:00-04:00,4
2025-10-31 12:23:00+00:00,0.9,1,2025-10-31 08:23:00-04:00,8
2025-10-31 12:46:00+00:00,-1.0,1,2025-10-31 08:46:00-04:00,8
2025-10-31 13:40:00+00:00,-1.0,-1,2025-10-31 09:40:00-04:00,9
2025-10-31 14:03:00+00:00,-1.0,1,2025-10-31 10:03:00-04:00,10
2025-10-31 15:33:00+00:00,-1.0,1,2025-10-31 11:33:00-04:00,11
2025-10-31 15:45:00+00:00,0.9,-1,2025-10-31 11:45:00-04:00,11
2025-10-31 16:04:00+00:00,0.9,-1,2025-10-31 12:04:00-04:00,12
2025-11-03 07:36:00+00:00,0.9,1,2025-11-03 02:36:00-05:00,2
2025-11-03 08:05:00+00:00,-1.0,1,2025-11-03 03:05:00-05:00,3
2025-11-03 08:14:00+00:00,0.9,-1,2025-11-03 03:14:00-05:00,3
2025-11-03 08:25:00+00:00,-1.0,-1,2025-11-03 03:25:00-05:00,3
2025-11-03 09:08:00+00:00,-1.0,1,2025-11-03 04:08:00-05:00,4
2025-11-03 09:23:00+00:00,0.9,-1,2025-11-03 04:23:00-05:00,4
2025-11-03 09:30:00+00:00,-1.0,-1,2025-11-03 04:30:00-05:00,4
2025-11-03 13:36:00+00:00,-1.0,1,2025-11-03 08:36:00-05:00,8
2025-11-03 14:28:00+00:00,-1.0,-1,2025-11-03 09:28:00-05:00,9
2025-11-03 14:47:00+00:00,-1.0,1,2025-11-03 09:47:00-05:00,9
2025-11-03 15:38:00+00:00,0.9,1,2025-11-03 10:38:00-05:00,10
2025-11-03 15:46:00+00:00,-1.0,1,2025-11-03 10:46:00-05:00,10
2025-11-03 16:10:00+00:00,0.9,-1,2025-11-03 11:10:00-05:00,11
2025-11-03 16:18:00+00:00,-1.0,-1,2025-11-03 11:18:00-05:00,11
2025-11-03 21:10:00+00:00,0.9,-1,2025-11-03 16:10:00-05:00,16
2025-11-03 21:25:00+00:00,0.9,-1,2025-11-03 16:25:00-05:00,16
2025-11-03 21:39:00+00:00,-1.0,1,2025-11-03 16:39:00-05:00,16
2025-11-03 21:56:00+00:00,-1.0,-1,2025-11-03 16:56:00-05:00,16
2025-11-03 23:01:00+00:00,-1.0,1,2025-11-03 18:01:00-05:00,18
2025-11-03 23:06:00+00:00,0.9,-1,2025-11-03 18:06:00-05:00,18
2025-11-03 23:12:00+00:00,0.9,-1,2025-11-03 18:12:00-05:00,18
2025-11-03 23:16:00+00:00,0.9,-1,2025-11-03 18:16:00-05:00,18
2025-11-04 05:51:00+00:00,0.9,-1,2025-11-04 00:51:00-05:00,0
2025-11-04 05:59:00+00:00,-1.0,-1,2025-11-04 00:59:00-05:00,0
2025-11-04 06:46:00+00:00,0.9,1,2025-11-04 01:46:00-05:00,1
2025-11-04 06:55:00+00:00,0.9,1,2025-11-04 01:55:00-05:00,1
2025-11-04 08:04:00+00:00,-1.0,1,2025-11-04 03:04:00-05:00,3
2025-11-04 08:13:00+00:00,-1.0,-1,2025-11-04 03:13:00-05:00,3
2025-11-04 08:26:00+00:00,-1.0,1,2025-11-04 03:26:00-05:00,3
2025-11-04 09:08:00+00:00,-1.0,-1,2025-11-04 04:08:00-05:00,4
2025-11-04 09:34:00+00:00,-1.0,1,2025-11-04 04:34:00-05:00,4
2025-11-04 09:56:00+00:00,-1.0,-1,2025-11-04 04:56:00-05:00,4
2025-11-04 11:50:00+00:00,-1.0,1,2025-11-04 06:50:00-05:00,6
2025-11-04 12:26:00+00:00,0.9,-1,2025-11-04 07:26:00-05:00,7
2025-11-04 12:32:00+00:00,0.9,-1,2025-11-04 07:32:00-05:00,7
2025-11-04 13:38:00+00:00,0.9,-1,2025-11-04 08:38:00-05:00,8
2025-11-04 14:08:00+00:00,0.9,-1,2025-11-04 09:08:00-05:00,9
2025-11-04 17:21:00+00:00,0.9,-1,2025-11-04 12:21:00-05:00,12
2025-11-04 17:52:00+00:00,0.9,-1,2025-11-04 12:52:00-05:00,12
2025-11-04 18:26:00+00:00,0.9,-1,2025-11-04 13:26:00-05:00,13
2025-11-04 18:33:00+00:00,0.9,-1,2025-11-04 13:33:00-05:00,13
2025-11-04 18:41:00+00:00,-1.0,-1,2025-11-04 13:41:00-05:00,13
2025-11-05 03:03:00+00:00,0.9,1,2025-11-04 22:03:00-05:00,22
2025-11-05 03:28:00+00:00,-1.0,-1,2025-11-04 22:28:00-05:00,22
2025-11-05 03:34:00+00:00,0.9,1,2025-11-04 22:34:00-05:00,22
2025-11-05 03:47:00+00:00,0.9,1,2025-11-04 22:47:00-05:00,22
2025-11-05 07:34:00+00:00,0.9,1,2025-11-05 02:34:00-05:00,2
2025-11-05 07:39:00+00:00,0.9,1,2025-11-05 02:39:00-05:00,2
2025-11-05 07:57:00+00:00,0.9,1,2025-11-05 02:57:00-05:00,2
2025-11-05 08:05:00+00:00,-1.0,1,2025-11-05 03:05:00-05:00,3
2025-11-05 09:24:00+00:00,-1.0,-1,2025-11-05 04:24:00-05:00,4
2025-11-05 10:01:00+00:00,0.9,-1,2025-11-05 05:01:00-05:00,5
2025-11-05 10:02:00+00:00,0.9,-1,2025-11-05 05:02:00-05:00,5
2025-11-05 10:12:00+00:00,-1.0,-1,2025-11-05 05:12:00-05:00,5
2025-11-05 13:08:00+00:00,-1.0,1,2025-11-05 08:08:00-05:00,8
2025-11-05 13:16:00+00:00,-1.0,-1,2025-11-05 08:16:00-05:00,8
2025-11-05 13:23:00+00:00,0.9,1,2025-11-05 08:23:00-05:00,8
2025-11-05 14:25:00+00:00,-1.0,1,2025-11-05 09:25:00-05:00,9
2025-11-05 14:41:00+00:00,0.9,-1,2025-11-05 09:41:00-05:00,9
2025-11-05 14:57:00+00:00,0.9,-1,2025-11-05 09:57:00-05:00,9
2025-11-05 15:00:00+00:00,-1.0,-1,2025-11-05 10:00:00-05:00,10
2025-11-05 15:29:00+00:00,0.9,1,2025-11-05 10:29:00-05:00,10
2025-11-05 17:06:00+00:00,0.9,-1,2025-11-05 12:06:00-05:00,12
2025-11-05 17:21:00+00:00,-1.0,-1,2025-11-05 12:21:00-05:00,12
2025-11-05 18:20:00+00:00,-1.0,1,2025-11-05 13:20:00-05:00,13
2025-11-05 18:42:00+00:00,-1.0,-1,2025-11-05 13:42:00-05:00,13
2025-11-05 19:42:00+00:00,-1.0,1,2025-11-05 14:42:00-05:00,14
2025-11-05 23:25:00+00:00,-1.0,-1,2025-11-05 18:25:00-05:00,18
2025-11-05 23:30:00+00:00,0.9,1,2025-11-05 18:30:00-05:00,18
2025-11-05 23:44:00+00:00,-1.0,1,2025-11-05 18:44:00-05:00,18
2025-11-06 01:07:00+00:00,-1.0,-1,2025-11-05 20:07:00-05:00,20
2025-11-06 02:02:00+00:00,0.9,1,2025-11-05 21:02:00-05:00,21
2025-11-06 02:33:00+00:00,0.9,1,2025-11-05 21:33:00-05:00,21
2025-11-06 06:55:00+00:00,0.9,1,2025-11-06 01:55:00-05:00,1
2025-11-06 07:16:00+00:00,0.9,1,2025-11-06 02:16:00-05:00,2
2025-11-06 07:20:00+00:00,0.9,1,2025-11-06 02:20:00-05:00,2
2025-11-06 11:51:00+00:00,-1.0,1,2025-11-06 06:51:00-05:00,6
2025-11-06 12:09:00+00:00,0.9,-1,2025-11-06 07:09:00-05:00,7
2025-11-06 12:41:00+00:00,0.9,-1,2025-11-06 07:41:00-05:00,7
2025-11-06 12:56:00+00:00,-1.0,-1,2025-11-06 07:56:00-05:00,7
2025-11-06 14:10:00+00:00,0.9,-1,2025-11-06 09:10:00-05:00,9
2025-11-06 14:11:00+00:00,-1.0,-1,2025-11-06 09:11:00-05:00,9
2025-11-06 14:16:00+00:00,0.9,-1,2025-11-06 09:16:00-05:00,9
2025-11-06 14:20:00+00:00,0.9,-1,2025-11-06 09:20:00-05:00,9
2025-11-06 15:02:00+00:00,0.9,-1,2025-11-06 10:02:00-05:00,10
2025-11-06 17:23:00+00:00,-1.0,-1,2025-11-06 12:23:00-05:00,12
2025-11-07 02:14:00+00:00,0.9,-1,2025-11-06 21:14:00-05:00,21
2025-11-07 02:30:00+00:00,-1.0,-1,2025-11-06 21:30:00-05:00,21
2025-11-07 02:38:00+00:00,-1.0,1,2025-11-06 21:38:00-05:00,21
2025-11-07 03:04:00+00:00,0.9,-1,2025-11-06 22:04:00-05:00,22
2025-11-07 04:03:00+00:00,-1.0,-1,2025-11-06 23:03:00-05:00,23
2025-11-07 04:05:00+00:00,0.9,1,2025-11-06 23:05:00-05:00,23
2025-11-07 04:18:00+00:00,0.9,1,2025-11-06 23:18:00-05:00,23
2025-11-07 04:28:00+00:00,0.9,1,2025-11-06 23:28:00-05:00,23
2025-11-07 06:32:00+00:00,0.9,1,2025-11-07 01:32:00-05:00,1
2025-11-07 06:50:00+00:00,0.9,1,2025-11-07 01:50:00-05:00,1
2025-11-07 09:15:00+00:00,-1.0,1,2025-11-07 04:15:00-05:00,4
2025-11-07 09:33:00+00:00,0.9,-1,2025-11-07 04:33:00-05:00,4
2025-11-07 11:22:00+00:00,0.9,-1,2025-11-07 06:22:00-05:00,6
2025-11-07 11:37:00+00:00,-1.0,-1,2025-11-07 06:37:00-05:00,6
2025-11-07 11:54:00+00:00,-1.0,1,2025-11-07 06:54:00-05:00,6
2025-11-07 12:49:00+00:00,-1.0,-1,2025-11-07 07:49:00-05:00,7
2025-11-07 13:04:00+00:00,-1.0,1,2025-11-07 08:04:00-05:00,8
2025-11-07 13:32:00+00:00,-1.0,-1,2025-11-07 08:32:00-05:00,8
2025-11-07 14:11:00+00:00,-1.0,1,2025-11-07 09:11:00-05:00,9
2025-11-07 14:31:00+00:00,-1.0,-1,2025-11-07 09:31:00-05:00,9
2025-11-07 16:25:00+00:00,0.9,1,2025-11-07 11:25:00-05:00,11
2025-11-07 16:36:00+00:00,-1.0,1,2025-11-07 11:36:00-05:00,11
2025-11-07 17:15:00+00:00,0.9,-1,2025-11-07 12:15:00-05:00,12
2025-11-07 17:22:00+00:00,-1.0,-1,2025-11-07 12:22:00-05:00,12
2025-11-07 17:55:00+00:00,0.9,1,2025-11-07 12:55:00-05:00,12
2025-11-07 18:00:00+00:00,-1.0,1,2025-11-07 13:00:00-05:00,13
2025-11-10 05:13:00+00:00,-1.0,-1,2025-11-10 00:13:00-05:00,0
2025-11-10 05:22:00+00:00,0.9,1,2025-11-10 00:22:00-05:00,0
2025-11-10 05:30:00+00:00,0.9,1,2025-11-10 00:30:00-05:00,0
2025-11-10 05:54:00+00:00,0.9,1,2025-11-10 00:54:00-05:00,0
2025-11-10 06:31:00+00:00,0.9,1,2025-11-10 01:31:00-05:00,1
2025-11-10 06:40:00+00:00,-1.0,1,2025-11-10 01:40:00-05:00,1
2025-11-10 06:49:00+00:00,0.9,1,2025-11-10 01:49:00-05:00,1
2025-11-10 07:08:00+00:00,0.9,1,2025-11-10 02:08:00-05:00,2
2025-11-10 07:11:00+00:00,-1.0,1,2025-11-10 02:11:00-05:00,2
2025-11-10 07:21:00+00:00,-1.0,-1,2025-11-10 02:21:00-05:00,2
2025-11-10 08:06:00+00:00,-1.0,1,2025-11-10 03:06:00-05:00,3
2025-11-10 09:21:00+00:00,-1.0,-1,2025-11-10 04:21:00-05:00,4
2025-11-10 09:34:00+00:00,0.9,1,2025-11-10 04:34:00-05:00,4
2025-11-10 12:21:00+00:00,0.9,1,2025-11-10 07:21:00-05:00,7
2025-11-10 13:02:00+00:00,-1.0,1,2025-11-10 08:02:00-05:00,8
2025-11-10 13:47:00+00:00,0.9,-1,2025-11-10 08:47:00-05:00,8
2025-11-10 14:16:00+00:00,0.9,-1,2025-11-10 09:16:00-05:00,9
2025-11-10 14:43:00+00:00,-1.0,-1,2025-11-10 09:43:00-05:00,9
2025-11-10 14:45:00+00:00,0.9,1,2025-11-10 09:45:00-05:00,9
2025-11-10 15:07:00+00:00,-1.0,1,2025-11-10 10:07:00-05:00,10
2025-11-10 15:43:00+00:00,0.9,-1,2025-11-10 10:43:00-05:00,10
2025-11-10 15:48:00+00:00,-1.0,-1,2025-11-10 10:48:00-05:00,10
2025-11-10 16:08:00+00:00,0.9,1,2025-11-10 11:08:00-05:00,11
2025-11-10 17:00:00+00:00,0.9,1,2025-11-10 12:00:00-05:00,12
2025-11-10 17:59:00+00:00,0.9,1,2025-11-10 12:59:00-05:00,12
2025-11-10 23:09:00+00:00,-1.0,1,2025-11-10 18:09:00-05:00,18
2025-11-10 23:31:00+00:00,-1.0,-1,2025-11-10 18:31:00-05:00,18
2025-11-10 23:46:00+00:00,-1.0,1,2025-11-10 18:46:00-05:00,18
2025-11-10 23:56:00+00:00,-1.0,-1,2025-11-10 18:56:00-05:00,18
2025-11-11 00:26:00+00:00,0.9,1,2025-11-10 19:26:00-05:00,19
2025-11-11 00:32:00+00:00,0.9,1,2025-11-10 19:32:00-05:00,19
2025-11-11 01:15:00+00:00,0.9,1,2025-11-10 20:15:00-05:00,20
2025-11-11 03:10:00+00:00,0.9,1,2025-11-10 22:10:00-05:00,22
2025-11-11 03:34:00+00:00,-1.0,1,2025-11-10 22:34:00-05:00,22
2025-11-11 04:12:00+00:00,0.9,-1,2025-11-10 23:12:00-05:00,23
2025-11-11 05:06:00+00:00,0.9,-1,2025-11-11 00:06:00-05:00,0
2025-11-11 05:34:00+00:00,0.9,-1,2025-11-11 00:34:00-05:00,0
2025-11-11 05:36:00+00:00,-1.0,-1,2025-11-11 00:36:00-05:00,0
2025-11-11 06:20:00+00:00,-1.0,1,2025-11-11 01:20:00-05:00,1
2025-11-11 06:34:00+00:00,-1.0,-1,2025-11-11 01:34:00-05:00,1
2025-11-11 09:02:00+00:00,0.9,1,2025-11-11 04:02:00-05:00,4
2025-11-11 09:14:00+00:00,-1.0,1,2025-11-11 04:14:00-05:00,4
2025-11-11 15:11:00+00:00,0.9,-1,2025-11-11 10:11:00-05:00,10
2025-11-11 15:15:00+00:00,0.9,-1,2025-11-11 10:15:00-05:00,10
2025-11-11 15:19:00+00:00,0.9,-1,2025-11-11 10:19:00-05:00,10
2025-11-11 15:22:00+00:00,-1.0,-1,2025-11-11 10:22:00-05:00,10
2025-11-11 19:46:00+00:00,0.9,1,2025-11-11 14:46:00-05:00,14
2025-11-11 20:48:00+00:00,0.9,1,2025-11-11 15:48:00-05:00,15
2025-11-11 23:18:00+00:00,0.9,1,2025-11-11 18:18:00-05:00,18
2025-11-11 23:39:00+00:00,-1.0,1,2025-11-11 18:39:00-05:00,18
2025-11-12 00:51:00+00:00,0.9,-1,2025-11-11 19:51:00-05:00,19
2025-11-12 01:08:00+00:00,0.9,-1,2025-11-11 20:08:00-05:00,20
2025-11-12 01:25:00+00:00,0.9,-1,2025-11-11 20:25:00-05:00,20
2025-11-12 02:41:00+00:00,0.9,-1,2025-11-11 21:41:00-05:00,21
2025-11-12 03:59:00+00:00,0.9,-1,2025-11-11 22:59:00-05:00,22
2025-11-12 05:30:00+00:00,-1.0,-1,2025-11-12 00:30:00-05:00,0
2025-11-12 06:17:00+00:00,0.9,1,2025-11-12 01:17:00-05:00,1
2025-11-12 06:25:00+00:00,0.9,1,2025-11-12 01:25:00-05:00,1
2025-11-12 07:10:00+00:00,-1.0,1,2025-11-12 02:10:00-05:00,2
2025-11-12 07:42:00+00:00,-1.0,-1,2025-11-12 02:42:00-05:00,2
2025-11-12 08:22:00+00:00,0.9,1,2025-11-12 03:22:00-05:00,3
2025-11-12 15:03:00+00:00,0.9,1,2025-11-12 10:03:00-05:00,10
2025-11-12 15:10:00+00:00,0.9,1,2025-11-12 10:10:00-05:00,10
2025-11-12 15:16:00+00:00,0.9,1,2025-11-12 10:16:00-05:00,10
2025-11-12 16:58:00+00:00,0.9,1,2025-11-12 11:58:00-05:00,11
2025-11-12 17:40:00+00:00,-1.0,1,2025-11-12 12:40:00-05:00,12
2025-11-12 18:03:00+00:00,-1.0,-1,2025-11-12 13:03:00-05:00,13
2025-11-12 18:24:00+00:00,0.9,1,2025-11-12 13:24:00-05:00,13
2025-11-12 18:27:00+00:00,-1.0,1,2025-11-12 13:27:00-05:00,13
2025-11-12 19:14:00+00:00,0.9,-1,2025-11-12 14:14:00-05:00,14
2025-11-13 01:17:00+00:00,-1.0,-1,2025-11-12 20:17:00-05:00,20
2025-11-13 04:02:00+00:00,0.9,1,2025-11-12 23:02:00-05:00,23
2025-11-13 08:19:00+00:00,-1.0,1,2025-11-13 03:19:00-05:00,3
2025-11-14 13:22:00+00:00,0.9,-1,2025-11-14 08:22:00-05:00,8
2025-11-14 13:26:00+00:00,0.9,-1,2025-11-14 08:26:00-05:00,8
2025-11-14 14:33:00+00:00,-1.0,-1,2025-11-14 09:33:00-05:00,9
2025-11-14 14:37:00+00:00,0.9,1,2025-11-14 09:37:00-05:00,9
2025-11-14 15:47:00+00:00,0.9,1,2025-11-14 10:47:00-05:00,10
2025-11-14 16:22:00+00:00,-1.0,1,2025-11-14 11:22:00-05:00,11
2025-11-14 18:32:00+00:00,-1.0,1,2025-11-14 13:32:00-05:00,13
2025-11-14 20:21:00+00:00,-1.0,-1,2025-11-14 15:21:00-05:00,15
2025-11-17 05:14:00+00:00,0.9,-1,2025-11-17 00:14:00-05:00,0
2025-11-17 05:24:00+00:00,0.9,-1,2025-11-17 00:24:00-05:00,0
2025-11-17 05:32:00+00:00,-1.0,-1,2025-11-17 00:32:00-05:00,0
2025-11-17 07:27:00+00:00,0.9,1,2025-11-17 02:27:00-05:00,2
2025-11-17 07:55:00+00:00,-1.0,1,2025-11-17 02:55:00-05:00,2
2025-11-17 08:35:00+00:00,0.9,-1,2025-11-17 03:35:00-05:00,3
2025-11-17 11:03:00+00:00,-1.0,-1,2025-11-17 06:03:00-05:00,6
2025-11-17 11:13:00+00:00,-1.0,-1,2025-11-17 06:13:00-05:00,6
2025-11-17 11:35:00+00:00,0.9,1,2025-11-17 06:35:00-05:00,6
2025-11-17 13:03:00+00:00,-1.0,1,2025-11-17 08:03:00-05:00,8
2025-11-17 13:27:00+00:00,0.9,-1,2025-11-17 08:27:00-05:00,8
2025-11-17 13:45:00+00:00,-1.0,-1,2025-11-17 08:45:00-05:00,8
2025-11-17 14:36:00+00:00,-1.0,1,2025-11-17 09:36:00-05:00,9
2025-11-17 15:08:00+00:00,-1.0,-1,2025-11-17 10:08:00-05:00,10
2025-11-17 17:20:00+00:00,-1.0,1,2025-11-17 12:20:00-05:00,12
2025-11-17 18:01:00+00:00,0.9,-1,2025-11-17 13:01:00-05:00,13
2025-11-17 18:27:00+00:00,0.9,-1,2025-11-17 13:27:00-05:00,13
2025-11-17 19:01:00+00:00,0.9,-1,2025-11-17 14:01:00-05:00,14
2025-11-17 19:32:00+00:00,0.9,-1,2025-11-17 14:32:00-05:00,14
2025-11-18 06:14:00+00:00,0.9,-1,2025-11-18 01:14:00-05:00,1
2025-11-18 06:26:00+00:00,0.9,-1,2025-11-18 01:26:00-05:00,1
2025-11-18 06:37:00+00:00,-1.0,-1,2025-11-18 01:37:00-05:00,1
2025-11-18 06:59:00+00:00,-1.0,-1,2025-11-18 01:59:00-05:00,1
2025-11-18 08:03:00+00:00,0.9,1,2025-11-18 03:03:00-05:00,3
2025-11-18 08:06:00+00:00,0.9,1,2025-11-18 03:06:00-05:00,3
2025-11-18 08:36:00+00:00,0.9,1,2025-11-18 03:36:00-05:00,3
2025-11-18 13:35:00+00:00,0.9,1,2025-11-18 08:35:00-05:00,8
2025-11-18 15:40:00+00:00,-1.0,-1,2025-11-18 10:40:00-05:00,10
2025-11-18 17:37:00+00:00,0.9,1,2025-11-18 12:37:00-05:00,12
2025-11-18 19:47:00+00:00,-1.0,1,2025-11-18 14:47:00-05:00,14
2025-11-18 20:06:00+00:00,0.9,-1,2025-11-18 15:06:00-05:00,15
2025-11-18 20:33:00+00:00,0.9,-1,2025-11-18 15:33:00-05:00,15
2025-11-18 20:44:00+00:00,-1.0,-1,2025-11-18 15:44:00-05:00,15
2025-11-18 23:16:00+00:00,-1.0,1,2025-11-18 18:16:00-05:00,18
2025-11-18 23:31:00+00:00,-1.0,-1,2025-11-18 18:31:00-05:00,18
2025-11-18 23:44:00+00:00,0.9,1,2025-11-18 18:44:00-05:00,18
2025-11-19 00:30:00+00:00,-1.0,1,2025-11-18 19:30:00-05:00,19
2025-11-19 00:50:00+00:00,0.9,-1,2025-11-18 19:50:00-05:00,19
2025-11-19 01:06:00+00:00,-1.0,-1,2025-11-18 20:06:00-05:00,20
2025-11-19 01:31:00+00:00,-1.0,1,2025-11-18 20:31:00-05:00,20
2025-11-19 01:33:00+00:00,0.9,-1,2025-11-18 20:33:00-05:00,20
2025-11-19 01:50:00+00:00,0.9,-1,2025-11-18 20:50:00-05:00,20
2025-11-19 02:02:00+00:00,-1.0,-1,2025-11-18 21:02:00-05:00,21
2025-11-19 02:31:00+00:00,0.9,1,2025-11-18 21:31:00-05:00,21
2025-11-19 05:33:00+00:00,-1.0,1,2025-11-19 00:33:00-05:00,0
2025-11-19 07:10:00+00:00,-1.0,-1,2025-11-19 02:10:00-05:00,2
2025-11-19 07:37:00+00:00,-1.0,1,2025-11-19 02:37:00-05:00,2
2025-11-19 07:58:00+00:00,-1.0,-1,2025-11-19 02:58:00-05:00,2
2025-11-19 09:43:00+00:00,0.9,1,2025-11-19 04:43:00-05:00,4
2025-11-19 09:52:00+00:00,0.9,1,2025-11-19 04:52:00-05:00,4
2025-11-19 14:55:00+00:00,-1.0,1,2025-11-19 09:55:00-05:00,9
2025-11-19 15:43:00+00:00,0.9,-1,2025-11-19 10:43:00-05:00,10
2025-11-19 15:53:00+00:00,0.9,-1,2025-11-19 10:53:00-05:00,10
2025-11-19 16:40:00+00:00,0.9,-1,2025-11-19 11:40:00-05:00,11
2025-11-19 17:03:00+00:00,-1.0,-1,2025-11-19 12:03:00-05:00,12
2025-11-19 17:44:00+00:00,0.9,1,2025-11-19 12:44:00-05:00,12
2025-11-19 18:20:00+00:00,-1.0,1,2025-11-19 13:20:00-05:00,13
2025-11-19 18:27:00+00:00,-1.0,-1,2025-11-19 13:27:00-05:00,13
2025-11-19 18:52:00+00:00,-1.0,1,2025-11-19 13:52:00-05:00,13
2025-11-20 00:36:00+00:00,-1.0,-1,2025-11-19 19:36:00-05:00,19
2025-11-20 01:11:00+00:00,0.9,-1,2025-11-19 20:11:00-05:00,20
2025-11-20 01:20:00+00:00,0.9,-1,2025-11-19 20:20:00-05:00,20
2025-11-20 02:00:00+00:00,0.9,-1,2025-11-19 21:00:00-05:00,21
2025-11-20 02:16:00+00:00,-1.0,-1,2025-11-19 21:16:00-05:00,21
2025-11-20 14:49:00+00:00,-1.0,1,2025-11-20 09:49:00-05:00,9
2025-11-20 15:41:00+00:00,0.9,-1,2025-11-20 10:41:00-05:00,10
2025-11-20 16:26:00+00:00,0.9,-1,2025-11-20 11:26:00-05:00,11
2025-11-20 19:14:00+00:00,0.9,1,2025-11-20 14:14:00-05:00,14
2025-11-20 23:25:00+00:00,-1.0,-1,2025-11-20 18:25:00-05:00,18
2025-11-20 23:44:00+00:00,-1.0,1,2025-11-20 18:44:00-05:00,18
2025-11-20 23:50:00+00:00,0.9,-1,2025-11-20 18:50:00-05:00,18
2025-11-21 01:00:00+00:00,0.9,-1,2025-11-20 20:00:00-05:00,20
2025-11-21 01:37:00+00:00,-1.0,-1,2025-11-20 20:37:00-05:00,20
2025-11-21 01:52:00+00:00,0.9,1,2025-11-20 20:52:00-05:00,20
2025-11-21 02:35:00+00:00,-1.0,1,2025-11-20 21:35:00-05:00,21
2025-11-21 02:52:00+00:00,0.9,-1,2025-11-20 21:52:00-05:00,21
2025-11-21 03:19:00+00:00,-1.0,-1,2025-11-20 22:19:00-05:00,22
2025-11-21 04:03:00+00:00,0.9,1,2025-11-20 23:03:00-05:00,23
2025-11-21 04:06:00+00:00,-1.0,1,2025-11-20 23:06:00-05:00,23
2025-11-21 07:30:00+00:00,-1.0,1,2025-11-21 02:30:00-05:00,2
2025-11-21 07:51:00+00:00,0.9,-1,2025-11-21 02:51:00-05:00,2
2025-11-21 08:03:00+00:00,-1.0,-1,2025-11-21 03:03:00-05:00,3
2025-11-21 08:07:00+00:00,0.9,1,2025-11-21 03:07:00-05:00,3
2025-11-21 09:11:00+00:00,-1.0,1,2025-11-21 04:11:00-05:00,4
2025-11-21 10:20:00+00:00,0.9,-1,2025-11-21 05:20:00-05:00,5
2025-11-21 10:29:00+00:00,-1.0,-1,2025-11-21 05:29:00-05:00,5
2025-11-21 11:07:00+00:00,-1.0,1,2025-11-21 06:07:00-05:00,6
2025-11-21 11:40:00+00:00,-1.0,-1,2025-11-21 06:40:00-05:00,6
2025-11-21 12:06:00+00:00,0.9,1,2025-11-21 07:06:00-05:00,7
2025-11-21 12:27:00+00:00,0.9,1,2025-11-21 07:27:00-05:00,7
2025-11-21 12:30:00+00:00,0.9,1,2025-11-21 07:30:00-05:00,7
2025-11-21 12:45:00+00:00,0.9,1,2025-11-21 07:45:00-05:00,7
2025-11-21 14:00:00+00:00,-1.0,1,2025-11-21 09:00:00-05:00,9
2025-11-21 14:24:00+00:00,-1.0,-1,2025-11-21 09:24:00-05:00,9
2025-11-21 15:07:00+00:00,-1.0,-1,2025-11-21 10:07:00-05:00,10
2025-11-21 15:12:00+00:00,-1.0,1,2025-11-21 10:12:00-05:00,10
2025-11-21 15:37:00+00:00,0.9,-1,2025-11-21 10:37:00-05:00,10
2025-11-21 15:40:00+00:00,-1.0,-1,2025-11-21 10:40:00-05:00,10
2025-11-21 15:46:00+00:00,0.9,1,2025-11-21 10:46:00-05:00,10
2025-11-21 16:50:00+00:00,-1.0,1,2025-11-21 11:50:00-05:00,11
2025-11-24 05:21:00+00:00,-1.0,-1,2025-11-24 00:21:00-05:00,0
2025-11-24 05:42:00+00:00,-1.0,1,2025-11-24 00:42:00-05:00,0
2025-11-24 05:49:00+00:00,-1.0,-1,2025-11-24 00:49:00-05:00,0
2025-11-24 06:03:00+00:00,0.9,1,2025-11-24 01:03:00-05:00,1
2025-11-24 06:46:00+00:00,-1.0,1,2025-11-24 01:46:00-05:00,1
2025-11-24 06:52:00+00:00,-1.0,-1,2025-11-24 01:52:00-05:00,1
2025-11-24 07:32:00+00:00,0.9,1,2025-11-24 02:32:00-05:00,2
2025-11-24 07:43:00+00:00,0.9,1,2025-11-24 02:43:00-05:00,2
2025-11-24 09:11:00+00:00,0.9,1,2025-11-24 04:11:00-05:00,4
2025-11-24 12:50:00+00:00,-1.0,1,2025-11-24 07:50:00-05:00,7
2025-11-24 14:00:00+00:00,-1.0,1,2025-11-24 09:00:00-05:00,9
2025-11-24 14:40:00+00:00,-1.0,-1,2025-11-24 09:40:00-05:00,9
2025-11-24 14:51:00+00:00,0.9,1,2025-11-24 09:51:00-05:00,9
2025-11-24 15:21:00+00:00,0.9,1,2025-11-24 10:21:00-05:00,10
2025-11-24 18:37:00+00:00,0.9,1,2025-11-24 13:37:00-05:00,13
2025-11-24 18:52:00+00:00,0.9,1,2025-11-24 13:52:00-05:00,13
2025-11-24 20:31:00+00:00,0.9,1,2025-11-24 15:31:00-05:00,15
2025-11-24 21:42:00+00:00,-1.0,1,2025-11-24 16:42:00-05:00,16
2025-11-24 23:11:00+00:00,-1.0,-1,2025-11-24 18:11:00-05:00,18
2025-11-24 23:45:00+00:00,-1.0,1,2025-11-24 18:45:00-05:00,18
2025-11-25 00:56:00+00:00,0.9,-1,2025-11-24 19:56:00-05:00,19
2025-11-25 01:07:00+00:00,0.9,-1,2025-11-24 20:07:00-05:00,20
2025-11-25 01:22:00+00:00,-1.0,-1,2025-11-24 20:22:00-05:00,20
2025-11-25 01:30:00+00:00,0.9,1,2025-11-24 20:30:00-05:00,20
2025-11-25 01:35:00+00:00,0.9,1,2025-11-24 20:35:00-05:00,20
2025-11-25 02:04:00+00:00,0.9,1,2025-11-24 21:04:00-05:00,21
2025-11-25 02:39:00+00:00,-1.0,1,2025-11-24 21:39:00-05:00,21
2025-11-25 03:23:00+00:00,-1.0,-1,2025-11-24 22:23:00-05:00,22
2025-11-25 05:56:00+00:00,0.9,1,2025-11-25 00:56:00-05:00,0
2025-11-25 06:03:00+00:00,0.9,1,2025-11-25 01:03:00-05:00,1
2025-11-25 06:08:00+00:00,-1.0,1,2025-11-25 01:08:00-05:00,1
2025-11-25 06:22:00+00:00,0.9,-1,2025-11-25 01:22:00-05:00,1
2025-11-25 06:38:00+00:00,-1.0,-1,2025-11-25 01:38:00-05:00,1
2025-11-25 07:01:00+00:00,-1.0,1,2025-11-25 02:01:00-05:00,2
2025-11-25 07:29:00+00:00,0.9,-1,2025-11-25 02:29:00-05:00,2
2025-11-25 07:58:00+00:00,-1.0,-1,2025-11-25 02:58:00-05:00,2
2025-11-25 08:24:00+00:00,-1.0,1,2025-11-25 03:24:00-05:00,3
2025-11-25 08:32:00+00:00,0.9,-1,2025-11-25 03:32:00-05:00,3
2025-11-25 08:37:00+00:00,0.9,-1,2025-11-25 03:37:00-05:00,3
2025-11-25 08:54:00+00:00,-1.0,-1,2025-11-25 03:54:00-05:00,3
2025-11-25 09:15:00+00:00,0.9,1,2025-11-25 04:15:00-05:00,4
2025-11-25 13:27:00+00:00,-1.0,1,2025-11-25 08:27:00-05:00,8
2025-11-25 14:42:00+00:00,-1.0,-1,2025-11-25 09:42:00-05:00,9
2025-11-25 17:00:00+00:00,0.9,1,2025-11-25 12:00:00-05:00,12
2025-11-25 17:33:00+00:00,-1.0,1,2025-11-25 12:33:00-05:00,12
2025-11-25 17:51:00+00:00,0.9,-1,2025-11-25 12:51:00-05:00,12
2025-11-25 18:38:00+00:00,-1.0,-1,2025-11-25 13:38:00-05:00,13
2025-11-26 01:08:00+00:00,0.9,1,2025-11-25 20:08:00-05:00,20
2025-11-26 01:40:00+00:00,0.9,1,2025-11-25 20:40:00-05:00,20
2025-11-26 02:25:00+00:00,-1.0,1,2025-11-25 21:25:00-05:00,21
2025-11-26 06:38:00+00:00,-1.0,-1,2025-11-26 01:38:00-05:00,1
2025-11-26 07:55:00+00:00,0.9,1,2025-11-26 02:55:00-05:00,2
2025-11-26 08:06:00+00:00,-1.0,1,2025-11-26 03:06:00-05:00,3
2025-11-26 08:49:00+00:00,-1.0,-1,2025-11-26 03:49:00-05:00,3
2025-11-26 11:30:00+00:00,0.9,1,2025-11-26 06:30:00-05:00,6
2025-11-26 11:33:00+00:00,-1.0,1,2025-11-26 06:33:00-05:00,6
2025-11-26 12:32:00+00:00,0.9,-1,2025-11-26 07:32:00-05:00,7
2025-11-26 12:50:00+00:00,-1.0,-1,2025-11-26 07:50:00-05:00,7
2025-11-26 13:06:00+00:00,0.9,1,2025-11-26 08:06:00-05:00,8
2025-11-26 13:28:00+00:00,-1.0,1,2025-11-26 08:28:00-05:00,8
2025-11-26 13:30:00+00:00,0.9,-1,2025-11-26 08:30:00-05:00,8
2025-11-26 13:36:00+00:00,0.9,-1,2025-11-26 08:36:00-05:00,8
2025-11-26 14:10:00+00:00,-1.0,-1,2025-11-26 09:10:00-05:00,9
2025-11-26 18:17:00+00:00,-1.0,1,2025-11-26 13:17:00-05:00,13
2025-11-26 18:30:00+00:00,0.9,-1,2025-11-26 13:30:00-05:00,13
2025-11-26 18:34:00+00:00,-1.0,-1,2025-11-26 13:34:00-05:00,13
2025-11-26 19:21:00+00:00,-1.0,1,2025-11-26 14:21:00-05:00,14
2025-11-26 19:40:00+00:00,0.9,-1,2025-11-26 14:40:00-05:00,14
2025-11-26 19:43:00+00:00,-1.0,-1,2025-11-26 14:43:00-05:00,14
2025-11-26 20:24:00+00:00,-1.0,1,2025-11-26 15:24:00-05:00,15
2025-11-26 20:40:00+00:00,-1.0,1,2025-11-26 15:40:00-05:00,15
2025-11-26 20:51:00+00:00,-1.0,-1,2025-11-26 15:51:00-05:00,15
2025-11-26 21:44:00+00:00,0.9,1,2025-11-26 16:44:00-05:00,16
2025-11-26 23:05:00+00:00,-1.0,1,2025-11-26 18:05:00-05:00,18
2025-11-26 23:30:00+00:00,0.9,-1,2025-11-26 18:30:00-05:00,18
2025-11-27 01:13:00+00:00,0.9,-1,2025-11-26 20:13:00-05:00,20
2025-11-27 08:19:00+00:00,0.9,1,2025-11-27 03:19:00-05:00,3
2025-11-27 08:35:00+00:00,-1.0,1,2025-11-27 03:35:00-05:00,3
2025-11-27 09:02:00+00:00,0.9,-1,2025-11-27 04:02:00-05:00,4
2025-11-27 09:18:00+00:00,-1.0,-1,2025-11-27 04:18:00-05:00,4
2025-11-27 09:52:00+00:00,-1.0,1,2025-11-27 04:52:00-05:00,4
2025-11-27 10:29:00+00:00,-1.0,-1,2025-11-27 05:29:00-05:00,5
2025-11-27 10:56:00+00:00,0.9,1,2025-11-27 05:56:00-05:00,5
2025-11-27 12:04:00+00:00,-1.0,1,2025-11-27 07:04:00-05:00,7
2025-11-27 13:01:00+00:00,-1.0,-1,2025-11-27 08:01:00-05:00,8
2025-11-27 14:10:00+00:00,-1.0,1,2025-11-27 09:10:00-05:00,9
2025-11-27 14:42:00+00:00,-1.0,-1,2025-11-27 09:42:00-05:00,9
2025-11-27 15:17:00+00:00,-1.0,1,2025-11-27 10:17:00-05:00,10
2025-11-27 16:26:00+00:00,-1.0,-1,2025-11-27 11:26:00-05:00,11
2025-11-27 16:48:00+00:00,0.9,1,2025-11-27 11:48:00-05:00,11
2025-11-27 17:50:00+00:00,-1.0,1,2025-11-27 12:50:00-05:00,12
2025-11-27 18:11:00+00:00,0.9,-1,2025-11-27 13:11:00-05:00,13
2025-11-27 18:24:00+00:00,-1.0,-1,2025-11-27 13:24:00-05:00,13
2025-11-27 18:50:00+00:00,0.9,1,2025-11-27 13:50:00-05:00,13
2025-11-27 19:08:00+00:00,-1.0,1,2025-11-27 14:08:00-05:00,14
2025-11-28 00:01:00+00:00,0.9,1,2025-11-27 19:01:00-05:00,19
2025-11-28 00:07:00+00:00,0.9,1,2025-11-27 19:07:00-05:00,19
2025-11-28 00:30:00+00:00,0.9,1,2025-11-27 19:30:00-05:00,19
2025-11-28 00:34:00+00:00,0.9,1,2025-11-27 19:34:00-05:00,19
2025-11-28 01:42:00+00:00,-1.0,1,2025-11-27 20:42:00-05:00,20
2025-11-28 02:36:00+00:00,-1.0,-1,2025-11-27 21:36:00-05:00,21
2025-11-28 03:11:00+00:00,0.9,-1,2025-11-27 22:11:00-05:00,22
2025-11-28 04:47:00+00:00,-1.0,1,2025-11-27 23:47:00-05:00,23
2025-11-28 05:22:00+00:00,0.9,-1,2025-11-28 00:22:00-05:00,0
2025-11-28 05:23:00+00:00,-1.0,-1,2025-11-28 00:23:00-05:00,0
2025-11-28 06:54:00+00:00,0.9,-1,2025-11-28 01:54:00-05:00,1
2025-11-28 07:06:00+00:00,0.9,-1,2025-11-28 02:06:00-05:00,2
2025-11-28 07:25:00+00:00,0.9,-1,2025-11-28 02:25:00-05:00,2
2025-11-28 07:46:00+00:00,0.9,-1,2025-11-28 02:46:00-05:00,2
2025-11-28 07:52:00+00:00,0.9,-1,2025-11-28 02:52:00-05:00,2
2025-11-28 08:03:00+00:00,-1.0,-1,2025-11-28 03:03:00-05:00,3
2025-11-28 13:57:00+00:00,0.9,1,2025-11-28 08:57:00-05:00,8
2025-11-28 14:10:00+00:00,0.9,1,2025-11-28 09:10:00-05:00,9
2025-11-28 14:18:00+00:00,0.9,1,2025-11-28 09:18:00-05:00,9
2025-11-28 14:40:00+00:00,-1.0,1,2025-11-28 09:40:00-05:00,9
2025-11-28 15:00:00+00:00,0.9,-1,2025-11-28 10:00:00-05:00,10
2025-11-28 15:10:00+00:00,-1.0,-1,2025-11-28 10:10:00-05:00,10
2025-11-28 15:29:00+00:00,0.9,1,2025-11-28 10:29:00-05:00,10
2025-11-28 16:21:00+00:00,0.9,1,2025-11-28 11:21:00-05:00,11
2025-12-01 05:15:00+00:00,-1.0,-1,2025-12-01 00:15:00-05:00,0
2025-12-01 07:57:00+00:00,0.9,1,2025-12-01 02:57:00-05:00,2
2025-12-01 08:10:00+00:00,0.9,1,2025-12-01 03:10:00-05:00,3
2025-12-01 13:43:00+00:00,-1.0,1,2025-12-01 08:43:00-05:00,8
2025-12-01 13:50:00+00:00,0.9,-1,2025-12-01 08:50:00-05:00,8
2025-12-01 14:01:00+00:00,0.9,-1,2025-12-01 09:01:00-05:00,9
2025-12-02 11:09:00+00:00,0.9,1,2025-12-02 06:09:00-05:00,6
2025-12-02 11:20:00+00:00,0.9,1,2025-12-02 06:20:00-05:00,6
2025-12-02 11:29:00+00:00,0.9,1,2025-12-02 06:29:00-05:00,6
2025-12-02 11:54:00+00:00,0.9,1,2025-12-02 06:54:00-05:00,6
2025-12-02 13:00:00+00:00,-1.0,1,2025-12-02 08:00:00-05:00,8
2025-12-02 13:11:00+00:00,-1.0,-1,2025-12-02 08:11:00-05:00,8
2025-12-02 14:02:00+00:00,0.9,1,2025-12-02 09:02:00-05:00,9
2025-12-02 14:26:00+00:00,-1.0,1,2025-12-02 09:26:00-05:00,9
2025-12-02 14:38:00+00:00,0.9,-1,2025-12-02 09:38:00-05:00,9
2025-12-02 14:45:00+00:00,0.9,-1,2025-12-02 09:45:00-05:00,9
2025-12-02 15:16:00+00:00,0.9,-1,2025-12-02 10:16:00-05:00,10
2025-12-02 15:24:00+00:00,0.9,-1,2025-12-02 10:24:00-05:00,10
2025-12-02 15:54:00+00:00,-1.0,-1,2025-12-02 10:54:00-05:00,10
2025-12-02 16:40:00+00:00,0.9,1,2025-12-02 11:40:00-05:00,11
2025-12-02 17:34:00+00:00,-1.0,1,2025-12-02 12:34:00-05:00,12
2025-12-02 18:16:00+00:00,0.9,-1,2025-12-02 13:16:00-05:00,13
2025-12-02 18:36:00+00:00,-1.0,-1,2025-12-02 13:36:00-05:00,13
2025-12-02 18:59:00+00:00,0.9,1,2025-12-02 13:59:00-05:00,13
2025-12-02 19:05:00+00:00,0.9,1,2025-12-02 14:05:00-05:00,14
2025-12-03 01:31:00+00:00,-1.0,-1,2025-12-02 20:31:00-05:00,20
2025-12-03 02:03:00+00:00,0.9,1,2025-12-02 21:03:00-05:00,21
2025-12-03 02:14:00+00:00,-1.0,1,2025-12-02 21:14:00-05:00,21
2025-12-03 05:36:00+00:00,0.9,-1,2025-12-03 00:36:00-05:00,0
2025-12-03 06:05:00+00:00,-1.0,1,2025-12-03 01:05:00-05:00,1
2025-12-03 07:24:00+00:00,-1.0,-1,2025-12-03 02:24:00-05:00,2
2025-12-03 08:43:00+00:00,-1.0,1,2025-12-03 03:43:00-05:00,3
2025-12-03 09:02:00+00:00,0.9,-1,2025-12-03 04:02:00-05:00,4
2025-12-03 09:12:00+00:00,-1.0,-1,2025-12-03 04:12:00-05:00,4
2025-12-03 11:44:00+00:00,0.9,1,2025-12-03 06:44:00-05:00,6
2025-12-03 11:57:00+00:00,0.9,1,2025-12-03 06:57:00-05:00,6
2025-12-03 12:03:00+00:00,0.9,1,2025-12-03 07:03:00-05:00,7
2025-12-03 12:38:00+00:00,0.9,1,2025-12-03 07:38:00-05:00,7
2025-12-03 13:15:00+00:00,0.9,1,2025-12-03 08:15:00-05:00,8
2025-12-03 13:46:00+00:00,0.9,1,2025-12-03 08:46:00-05:00,8
2025-12-03 13:52:00+00:00,-1.0,1,2025-12-03 08:52:00-05:00,8
2025-12-03 14:51:00+00:00,0.9,-1,2025-12-03 09:51:00-05:00,9
2025-12-04 03:02:00+00:00,-1.0,-1,2025-12-03 22:02:00-05:00,22
2025-12-04 11:09:00+00:00,-1.0,1,2025-12-04 06:09:00-05:00,6
2025-12-04 11:25:00+00:00,0.9,-1,2025-12-04 06:25:00-05:00,6
2025-12-04 12:34:00+00:00,-1.0,-1,2025-12-04 07:34:00-05:00,7
2025-12-04 14:07:00+00:00,0.9,1,2025-12-04 09:07:00-05:00,9
2025-12-04 16:17:00+00:00,-1.0,1,2025-12-04 11:17:00-05:00,11
2025-12-04 19:06:00+00:00,0.9,-1,2025-12-04 14:06:00-05:00,14
2025-12-04 19:08:00+00:00,-1.0,-1,2025-12-04 14:08:00-05:00,14
2025-12-04 19:36:00+00:00,-1.0,1,2025-12-04 14:36:00-05:00,14
2025-12-05 01:00:00+00:00,0.9,-1,2025-12-04 20:00:00-05:00,20
2025-12-05 01:15:00+00:00,-1.0,-1,2025-12-04 20:15:00-05:00,20
2025-12-05 02:19:00+00:00,-1.0,-1,2025-12-04 21:19:00-05:00,21
2025-12-05 02:43:00+00:00,0.9,1,2025-12-04 21:43:00-05:00,21
2025-12-05 02:52:00+00:00,0.9,1,2025-12-04 21:52:00-05:00,21
2025-12-05 04:37:00+00:00,0.9,1,2025-12-04 23:37:00-05:00,23
2025-12-05 05:00:00+00:00,0.9,1,2025-12-05 00:00:00-05:00,0
2025-12-05 06:08:00+00:00,-1.0,1,2025-12-05 01:08:00-05:00,1
2025-12-05 09:07:00+00:00,-1.0,-1,2025-12-05 04:07:00-05:00,4
2025-12-05 09:38:00+00:00,0.9,1,2025-12-05 04:38:00-05:00,4
2025-12-05 12:05:00+00:00,0.9,1,2025-12-05 07:05:00-05:00,7
2025-12-05 14:06:00+00:00,0.9,1,2025-12-05 09:06:00-05:00,9
2025-12-05 14:50:00+00:00,0.9,1,2025-12-05 09:50:00-05:00,9
2025-12-05 15:42:00+00:00,-1.0,1,2025-12-05 10:42:00-05:00,10
2025-12-05 15:56:00+00:00,0.9,-1,2025-12-05 10:56:00-05:00,10
2025-12-05 16:10:00+00:00,0.9,-1,2025-12-05 11:10:00-05:00,11
2025-12-08 05:17:00+00:00,0.9,-1,2025-12-08 00:17:00-05:00,0
2025-12-08 05:19:00+00:00,-1.0,-1,2025-12-08 00:19:00-05:00,0
2025-12-08 05:24:00+00:00,-1.0,-1,2025-12-08 00:24:00-05:00,0
2025-12-08 05:31:00+00:00,0.9,1,2025-12-08 00:31:00-05:00,0
2025-12-08 05:35:00+00:00,-1.0,1,2025-12-08 00:35:00-05:00,0
2025-12-08 07:57:00+00:00,-1.0,-1,2025-12-08 02:57:00-05:00,2
2025-12-08 08:20:00+00:00,0.9,1,2025-12-08 03:20:00-05:00,3
2025-12-08 08:29:00+00:00,0.9,-1,2025-12-08 03:29:00-05:00,3
2025-12-08 10:46:00+00:00,0.9,-1,2025-12-08 05:46:00-05:00,5
2025-12-08 11:01:00+00:00,-1.0,-1,2025-12-08 06:01:00-05:00,6
2025-12-08 11:27:00+00:00,0.9,1,2025-12-08 06:27:00-05:00,6
2025-12-08 12:51:00+00:00,-1.0,1,2025-12-08 07:51:00-05:00,7
2025-12-08 13:00:00+00:00,0.9,-1,2025-12-08 08:00:00-05:00,8
2025-12-08 13:31:00+00:00,-1.0,-1,2025-12-08 08:31:00-05:00,8
2025-12-08 14:14:00+00:00,-1.0,1,2025-12-08 09:14:00-05:00,9
2025-12-08 14:48:00+00:00,0.9,-1,2025-12-08 09:48:00-05:00,9
2025-12-08 15:05:00+00:00,-1.0,-1,2025-12-08 10:05:00-05:00,10
2025-12-09 09:22:00+00:00,-1.0,1,2025-12-09 04:22:00-05:00,4
2025-12-09 09:40:00+00:00,-1.0,-1,2025-12-09 04:40:00-05:00,4
2025-12-09 10:11:00+00:00,-1.0,1,2025-12-09 05:11:00-05:00,5
2025-12-09 12:19:00+00:00,-1.0,-1,2025-12-09 07:19:00-05:00,7
2025-12-09 12:48:00+00:00,-1.0,1,2025-12-09 07:48:00-05:00,7
2025-12-09 13:30:00+00:00,0.9,-1,2025-12-09 08:30:00-05:00,8
2025-12-09 14:13:00+00:00,-1.0,-1,2025-12-09 09:13:00-05:00,9
2025-12-09 14:33:00+00:00,0.9,1,2025-12-09 09:33:00-05:00,9
2025-12-09 16:01:00+00:00,-1.0,1,2025-12-09 11:01:00-05:00,11
2025-12-10 08:45:00+00:00,0.9,-1,2025-12-10 03:45:00-05:00,3
2025-12-10 09:03:00+00:00,-1.0,-1,2025-12-10 04:03:00-05:00,4
2025-12-10 09:43:00+00:00,0.9,-1,2025-12-10 04:43:00-05:00,4
2025-12-10 10:14:00+00:00,-1.0,1,2025-12-10 05:14:00-05:00,5
2025-12-10 10:31:00+00:00,-1.0,-1,2025-12-10 05:31:00-05:00,5
2025-12-10 10:47:00+00:00,0.9,-1,2025-12-10 05:47:00-05:00,5
2025-12-10 10:54:00+00:00,-1.0,-1,2025-12-10 05:54:00-05:00,5
2025-12-10 11:13:00+00:00,0.9,1,2025-12-10 06:13:00-05:00,6
2025-12-10 11:58:00+00:00,0.9,1,2025-12-10 06:58:00-05:00,6
2025-12-10 12:02:00+00:00,-1.0,1,2025-12-10 07:02:00-05:00,7
2025-12-10 13:00:00+00:00,-1.0,-1,2025-12-10 08:00:00-05:00,8
2025-12-10 13:12:00+00:00,-1.0,-1,2025-12-10 08:12:00-05:00,8
2025-12-10 13:44:00+00:00,-1.0,1,2025-12-10 08:44:00-05:00,8
2025-12-10 20:24:00+00:00,-1.0,-1,2025-12-10 15:24:00-05:00,15
2025-12-11 00:11:00+00:00,0.9,1,2025-12-10 19:11:00-05:00,19
2025-12-11 01:03:00+00:00,-1.0,1,2025-12-10 20:03:00-05:00,20
2025-12-11 01:30:00+00:00,-1.0,-1,2025-12-10 20:30:00-05:00,20
2025-12-11 02:01:00+00:00,-1.0,1,2025-12-10 21:01:00-05:00,21
2025-12-11 02:07:00+00:00,0.9,-1,2025-12-10 21:07:00-05:00,21
2025-12-11 02:10:00+00:00,0.9,-1,2025-12-10 21:10:00-05:00,21
2025-12-11 02:35:00+00:00,0.9,-1,2025-12-10 21:35:00-05:00,21
2025-12-11 03:09:00+00:00,-1.0,-1,2025-12-10 22:09:00-05:00,22
2025-12-11 10:07:00+00:00,-1.0,1,2025-12-11 05:07:00-05:00,5
2025-12-11 10:30:00+00:00,-1.0,-1,2025-12-11 05:30:00-05:00,5
2025-12-11 11:01:00+00:00,-1.0,1,2025-12-11 06:01:00-05:00,6
2025-12-11 11:14:00+00:00,0.9,-1,2025-12-11 06:14:00-05:00,6
2025-12-11 11:37:00+00:00,-1.0,-1,2025-12-11 06:37:00-05:00,6
2025-12-11 12:20:00+00:00,0.9,1,2025-12-11 07:20:00-05:00,7
2025-12-11 13:00:00+00:00,-1.0,1,2025-12-11 08:00:00-05:00,8
2025-12-11 13:04:00+00:00,0.9,-1,2025-12-11 08:04:00-05:00,8
2025-12-11 13:16:00+00:00,-1.0,-1,2025-12-11 08:16:00-05:00,8
2025-12-11 14:05:00+00:00,0.9,1,2025-12-11 09:05:00-05:00,9
2025-12-11 14:21:00+00:00,0.9,1,2025-12-11 09:21:00-05:00,9
2025-12-11 14:33:00+00:00,0.9,1,2025-12-11 09:33:00-05:00,9
2025-12-11 14:43:00+00:00,-1.0,1,2025-12-11 09:43:00-05:00,9
2025-12-11 15:07:00+00:00,0.9,1,2025-12-11 10:07:00-05:00,10
2025-12-11 15:40:00+00:00,0.9,1,2025-12-11 10:40:00-05:00,10
2025-12-11 15:51:00+00:00,-1.0,1,2025-12-11 10:51:00-05:00,10
2025-12-11 15:57:00+00:00,-1.0,-1,2025-12-11 10:57:00-05:00,10
2025-12-11 16:22:00+00:00,0.9,1,2025-12-11 11:22:00-05:00,11
2025-12-11 16:47:00+00:00,0.9,1,2025-12-11 11:47:00-05:00,11
2025-12-11 18:04:00+00:00,-1.0,1,2025-12-11 13:04:00-05:00,13
2025-12-11 18:57:00+00:00,-1.0,-1,2025-12-11 13:57:00-05:00,13
2025-12-11 21:49:00+00:00,-1.0,1,2025-12-11 16:49:00-05:00,16
2025-12-11 23:16:00+00:00,-1.0,-1,2025-12-11 18:16:00-05:00,18
2025-12-11 23:20:00+00:00,0.9,-1,2025-12-11 18:20:00-05:00,18
2025-12-11 23:36:00+00:00,0.9,-1,2025-12-11 18:36:00-05:00,18
2025-12-11 23:40:00+00:00,0.9,-1,2025-12-11 18:40:00-05:00,18
2025-12-12 01:02:00+00:00,-1.0,-1,2025-12-11 20:02:00-05:00,20
2025-12-12 01:13:00+00:00,-1.0,1,2025-12-11 20:13:00-05:00,20
2025-12-12 01:28:00+00:00,-1.0,-1,2025-12-11 20:28:00-05:00,20
2025-12-12 02:14:00+00:00,-1.0,1,2025-12-11 21:14:00-05:00,21
2025-12-12 02:48:00+00:00,-1.0,-1,2025-12-11 21:48:00-05:00,21
2025-12-12 05:28:00+00:00,0.9,1,2025-12-12 00:28:00-05:00,0
2025-12-12 05:37:00+00:00,0.9,1,2025-12-12 00:37:00-05:00,0
2025-12-12 07:07:00+00:00,0.9,1,2025-12-12 02:07:00-05:00,2
2025-12-12 08:05:00+00:00,0.9,1,2025-12-12 03:05:00-05:00,3
2025-12-12 08:37:00+00:00,0.9,1,2025-12-12 03:37:00-05:00,3
2025-12-12 08:49:00+00:00,0.9,1,2025-12-12 03:49:00-05:00,3
2025-12-12 09:54:00+00:00,0.9,1,2025-12-12 04:54:00-05:00,4
2025-12-12 10:44:00+00:00,0.9,1,2025-12-12 05:44:00-05:00,5
2025-12-12 11:11:00+00:00,-1.0,1,2025-12-12 06:11:00-05:00,6
2025-12-12 12:49:00+00:00,-1.0,-1,2025-12-12 07:49:00-05:00,7
2025-12-12 13:04:00+00:00,0.9,1,2025-12-12 08:04:00-05:00,8
2025-12-12 13:30:00+00:00,-1.0,1,2025-12-12 08:30:00-05:00,8
2025-12-12 13:49:00+00:00,-1.0,-1,2025-12-12 08:49:00-05:00,8
2025-12-12 14:27:00+00:00,-1.0,1,2025-12-12 09:27:00-05:00,9
2025-12-12 14:30:00+00:00,-1.0,-1,2025-12-12 09:30:00-05:00,9
2025-12-12 14:51:00+00:00,-1.0,1,2025-12-12 09:51:00-05:00,9
2025-12-12 15:18:00+00:00,0.9,-1,2025-12-12 10:18:00-05:00,10
2025-12-12 15:24:00+00:00,0.9,-1,2025-12-12 10:24:00-05:00,10
2025-12-12 16:38:00+00:00,-1.0,-1,2025-12-12 11:38:00-05:00,11
2025-12-15 05:11:00+00:00,-1.0,-1,2025-12-15 00:11:00-05:00,0
2025-12-15 05:20:00+00:00,0.9,1,2025-12-15 00:20:00-05:00,0
2025-12-15 05:30:00+00:00,0.9,1,2025-12-15 00:30:00-05:00,0
2025-12-15 05:32:00+00:00,0.9,1,2025-12-15 00:32:00-05:00,0
2025-12-15 06:46:00+00:00,-1.0,1,2025-12-15 01:46:00-05:00,1
2025-12-15 06:59:00+00:00,0.9,-1,2025-12-15 01:59:00-05:00,1
2025-12-15 07:07:00+00:00,0.9,-1,2025-12-15 02:07:00-05:00,2
2025-12-15 07:38:00+00:00,-1.0,-1,2025-12-15 02:38:00-05:00,2
2025-12-15 08:28:00+00:00,-1.0,1,2025-12-15 03:28:00-05:00,3
2025-12-15 10:00:00+00:00,-1.0,-1,2025-12-15 05:00:00-05:00,5
2025-12-15 10:24:00+00:00,-1.0,1,2025-12-15 05:24:00-05:00,5
2025-12-15 10:29:00+00:00,0.9,-1,2025-12-15 05:29:00-05:00,5
2025-12-15 10:31:00+00:00,-1.0,-1,2025-12-15 05:31:00-05:00,5
2025-12-15 12:34:00+00:00,-1.0,1,2025-12-15 07:34:00-05:00,7
2025-12-15 13:02:00+00:00,0.9,-1,2025-12-15 08:02:00-05:00,8
2025-12-15 13:06:00+00:00,0.9,-1,2025-12-15 08:06:00-05:00,8
2025-12-15 14:20:00+00:00,0.9,-1,2025-12-15 09:20:00-05:00,9
2025-12-15 15:12:00+00:00,-1.0,1,2025-12-15 10:12:00-05:00,10
2025-12-15 15:28:00+00:00,-1.0,-1,2025-12-15 10:28:00-05:00,10
2025-12-15 15:55:00+00:00,-1.0,1,2025-12-15 10:55:00-05:00,10
2025-12-15 15:58:00+00:00,0.9,-1,2025-12-15 10:58:00-05:00,10
2025-12-15 16:04:00+00:00,0.9,-1,2025-12-15 11:04:00-05:00,11
2025-12-15 16:34:00+00:00,-1.0,-1,2025-12-15 11:34:00-05:00,11
2025-12-15 17:26:00+00:00,0.9,1,2025-12-15 12:26:00-05:00,12
2025-12-15 18:38:00+00:00,0.9,1,2025-12-15 13:38:00-05:00,13
2025-12-15 19:03:00+00:00,-1.0,1,2025-12-15 14:03:00-05:00,14
2025-12-15 19:36:00+00:00,-1.0,-1,2025-12-15 14:36:00-05:00,14
2025-12-15 20:01:00+00:00,0.9,-1,2025-12-15 15:01:00-05:00,15
2025-12-15 20:18:00+00:00,0.9,-1,2025-12-15 15:18:00-05:00,15
2025-12-16 01:25:00+00:00,-1.0,1,2025-12-15 20:25:00-05:00,20
2025-12-16 02:53:00+00:00,0.9,-1,2025-12-15 21:53:00-05:00,21
2025-12-16 03:14:00+00:00,0.9,-1,2025-12-15 22:14:00-05:00,22
2025-12-16 05:30:00+00:00,-1.0,-1,2025-12-16 00:30:00-05:00,0
2025-12-16 05:56:00+00:00,0.9,1,2025-12-16 00:56:00-05:00,0
2025-12-16 13:23:00+00:00,0.9,1,2025-12-16 08:23:00-05:00,8
2025-12-16 13:30:00+00:00,0.9,1,2025-12-16 08:30:00-05:00,8
2025-12-16 14:05:00+00:00,0.9,1,2025-12-16 09:05:00-05:00,9
2025-12-16 15:07:00+00:00,-1.0,1,2025-12-16 10:07:00-05:00,10
2025-12-16 15:18:00+00:00,0.9,-1,2025-12-16 10:18:00-05:00,10
2025-12-16 16:32:00+00:00,-1.0,-1,2025-12-16 11:32:00-05:00,11
2025-12-16 18:49:00+00:00,-1.0,1,2025-12-16 13:49:00-05:00,13
2025-12-16 19:03:00+00:00,0.9,-1,2025-12-16 14:03:00-05:00,14
2025-12-16 19:26:00+00:00,-1.0,-1,2025-12-16 14:26:00-05:00,14
2025-12-16 19:43:00+00:00,0.9,1,2025-12-16 14:43:00-05:00,14
2025-12-16 19:46:00+00:00,-1.0,1,2025-12-16 14:46:00-05:00,14
2025-12-16 20:52:00+00:00,-1.0,-1,2025-12-16 15:52:00-05:00,15
2025-12-17 00:09:00+00:00,0.9,1,2025-12-16 19:09:00-05:00,19
2025-12-17 01:03:00+00:00,0.9,1,2025-12-16 20:03:00-05:00,20
2025-12-17 01:11:00+00:00,0.9,1,2025-12-16 20:11:00-05:00,20
2025-12-17 01:58:00+00:00,-1.0,1,2025-12-16 20:58:00-05:00,20
2025-12-17 02:06:00+00:00,0.9,-1,2025-12-16 21:06:00-05:00,21
2025-12-17 02:36:00+00:00,-1.0,-1,2025-12-16 21:36:00-05:00,21
2025-12-17 03:42:00+00:00,0.9,1,2025-12-16 22:42:00-05:00,22
2025-12-17 04:40:00+00:00,0.9,1,2025-12-16 23:40:00-05:00,23
2025-12-17 05:17:00+00:00,0.9,1,2025-12-17 00:17:00-05:00,0
2025-12-17 05:38:00+00:00,-1.0,1,2025-12-17 00:38:00-05:00,0
2025-12-17 06:25:00+00:00,0.9,-1,2025-12-17 01:25:00-05:00,1
2025-12-17 06:38:00+00:00,0.9,-1,2025-12-17 01:38:00-05:00,1
2025-12-17 06:55:00+00:00,0.9,-1,2025-12-17 01:55:00-05:00,1
2025-12-17 07:26:00+00:00,-1.0,-1,2025-12-17 02:26:00-05:00,2
2025-12-17 07:32:00+00:00,-1.0,1,2025-12-17 02:32:00-05:00,2
2025-12-17 07:43:00+00:00,0.9,-1,2025-12-17 02:43:00-05:00,2
2025-12-17 08:07:00+00:00,0.9,-1,2025-12-17 03:07:00-05:00,3
2025-12-17 08:13:00+00:00,-1.0,-1,2025-12-17 03:13:00-05:00,3
2025-12-17 09:01:00+00:00,-1.0,1,2025-12-17 04:01:00-05:00,4
2025-12-17 09:22:00+00:00,-1.0,-1,2025-12-17 04:22:00-05:00,4
2025-12-17 09:28:00+00:00,-1.0,1,2025-12-17 04:28:00-05:00,4
2025-12-17 09:57:00+00:00,-1.0,-1,2025-12-17 04:57:00-05:00,4
2025-12-17 10:32:00+00:00,0.9,-1,2025-12-17 05:32:00-05:00,5
2025-12-17 10:37:00+00:00,-1.0,-1,2025-12-17 05:37:00-05:00,5
2025-12-17 12:20:00+00:00,0.9,1,2025-12-17 07:20:00-05:00,7
2025-12-17 13:20:00+00:00,0.9,1,2025-12-17 08:20:00-05:00,8
2025-12-17 13:45:00+00:00,-1.0,1,2025-12-17 08:45:00-05:00,8
2025-12-17 14:14:00+00:00,-1.0,-1,2025-12-17 09:14:00-05:00,9
2025-12-17 15:33:00+00:00,-1.0,1,2025-12-17 10:33:00-05:00,10
2025-12-17 15:36:00+00:00,0.9,-1,2025-12-17 10:36:00-05:00,10
2025-12-17 15:57:00+00:00,-1.0,-1,2025-12-17 10:57:00-05:00,10
2025-12-17 16:49:00+00:00,-1.0,1,2025-12-17 11:49:00-05:00,11
2025-12-18 01:35:00+00:00,-1.0,-1,2025-12-17 20:35:00-05:00,20
2025-12-18 02:02:00+00:00,-1.0,1,2025-12-17 21:02:00-05:00,21
2025-12-18 08:04:00+00:00,0.9,-1,2025-12-18 03:04:00-05:00,3
2025-12-18 10:02:00+00:00,0.9,1,2025-12-18 05:02:00-05:00,5
2025-12-18 11:15:00+00:00,-1.0,1,2025-12-18 06:15:00-05:00,6
2025-12-18 12:03:00+00:00,0.9,-1,2025-12-18 07:03:00-05:00,7
2025-12-18 12:06:00+00:00,0.9,-1,2025-12-18 07:06:00-05:00,7
2025-12-18 12:28:00+00:00,-1.0,-1,2025-12-18 07:28:00-05:00,7
2025-12-18 13:30:00+00:00,0.9,1,2025-12-18 08:30:00-05:00,8
2025-12-18 13:51:00+00:00,-1.0,1,2025-12-18 08:51:00-05:00,8
2025-12-18 14:00:00+00:00,0.9,-1,2025-12-18 09:00:00-05:00,9
2025-12-18 14:41:00+00:00,-1.0,-1,2025-12-18 09:41:00-05:00,9
2025-12-18 15:45:00+00:00,0.9,1,2025-12-18 10:45:00-05:00,10
2025-12-18 16:11:00+00:00,-1.0,1,2025-12-18 11:11:00-05:00,11
2025-12-19 16:11:00+00:00,-1.0,-1,2025-12-19 11:11:00-05:00,11
2025-12-19 17:53:00+00:00,0.9,1,2025-12-19 12:53:00-05:00,12
2025-12-19 18:03:00+00:00,-1.0,-1,2025-12-19 13:03:00-05:00,13
2025-12-19 18:26:00+00:00,-1.0,1,2025-12-19 13:26:00-05:00,13
2025-12-19 18:30:00+00:00,0.9,-1,2025-12-19 13:30:00-05:00,13
2025-12-19 18:38:00+00:00,0.9,-1,2025-12-19 13:38:00-05:00,13
2025-12-19 20:17:00+00:00,-1.0,-1,2025-12-19 15:17:00-05:00,15
2025-12-19 20:24:00+00:00,-1.0,1,2025-12-19 15:24:00-05:00,15
2025-12-19 20:39:00+00:00,0.9,-1,2025-12-19 15:39:00-05:00,15
